concept,category,mean,sd,lwr,upr,word_dim
ABOVE,high,-0.14210091132998948,0.2606824283030735,-0.6634657679361364,0.3792639452761575,
ABOVE,low,0.14141904215099385,0.28639406174052684,-0.4313690813300598,0.7142071656320476,
ABOVE,mid,-0.04969821639685237,0.36636603446199023,-0.7824302853208328,0.6830338525271281,
AFTER,high,-0.0706467911997199,0.2669835158280798,-0.6046138228558795,0.46332024045643966,
AFTER,low,-0.01834759205813668,0.28877042661896357,-0.5958884452960638,0.5591932611797905,
AFTER,mid,0.044686232177279746,0.36701760627603297,-0.6893489803747862,0.7787214447293457,
AIR,high,-0.10392141084707114,0.26295955784295894,-0.629840526532989,0.42199770483884674,
AIR,low,0.15905783452361724,0.2877972223091704,-0.41653661009472354,0.734652279141958,
AIR,mid,-0.11124618059801614,0.36904235067543983,-0.8493308819488958,0.6268385207528635,
ALL,high,-0.08530029330319464,0.2631494787408658,-0.6115992507849263,0.44099866417853695,
ALL,low,0.01145346553392263,0.28573675561771694,-0.5600200457015112,0.5829269767693566,
ALL,mid,0.030179942358254015,0.3647163302638548,-0.6992527181694556,0.7596126028859637,
ANGRY,high,0.01327932882782897,0.26777533969982803,-0.522271350571827,0.5488300082274851,
ANGRY,low,-0.03030113208055834,0.28856752560888427,-0.6074361832983268,0.5468339191372102,
ANGRY,mid,-0.03303045481238214,0.3682835716358707,-0.7695975980841235,0.7035366884593593,
ANIMAL,high,-0.03686795182092272,0.25870449777012905,-0.5542769473611808,0.48054104371933537,
ANIMAL,low,0.16423051278500547,0.28174874362548313,-0.3992669744659608,0.7277280000359717,
ANIMAL,mid,-0.19129540133575135,0.36612009162298736,-0.9235355845817261,0.5409447819102233,
ANT,high,0.14666584096184437,0.2649571883676673,-0.3832485357734902,0.6765802176971789,
ANT,low,-0.14101795220289495,0.2802806077199491,-0.7015791676427932,0.4195432632370033,
ANT,mid,-0.06683295591257027,0.36432078177826904,-0.7954745194691084,0.6618086076439678,
ARM OR HAND,high,-0.1937636824693206,0.2759772768141658,-0.7457182360976522,0.35819087115901094,
ARM OR HAND,low,-0.1443749936743939,0.3006979723649459,-0.7457709384042857,0.4570209510554979,
ARM OR HAND,mid,0.28567084974197743,0.368845536857915,-0.45202022397385255,1.0233619234578075,
ASH,high,0.1647610785819461,0.26312663043462425,-0.3614921822873024,0.6910143394511946,
ASH,low,-0.12686499974678309,0.27849580734039286,-0.6838566144275688,0.4301266149340026,
ASH,mid,-0.10196069956556314,0.3636319968867797,-0.8292246933391225,0.6253032942079964,
BACK,high,0.05794535076563119,0.2645979848633031,-0.47125061896097503,0.5871413204922374,
BACK,low,-0.09838674592404806,0.28206707997422054,-0.6625209058724891,0.465747414024393,
BACK,mid,-0.010510350795453963,0.3639904708264511,-0.7384912924483561,0.7174705908574482,
BAD,high,-0.03915965365202214,0.2608366160639081,-0.5608328857798384,0.4825135784757941,
BAD,low,0.06523144929012992,0.2828198502988359,-0.5004082513075419,0.6308711498878017,
BAD,mid,-0.07628629374771571,0.36546969304631155,-0.8072256798403388,0.6546530923449074,
BARK,high,-0.07878478206137815,0.26337566492706677,-0.6055361119155117,0.44796654779275535,
BARK,low,0.017397862164080357,0.2860803872668346,-0.5547629123695889,0.5895586366977495,
BARK,mid,0.017039738455069467,0.3652451802213442,-0.713450621987619,0.7475300988977579,
BE ALIVE,high,0.0020517920087965704,0.2639218748264268,-0.5257919576440571,0.5298955416616502,
BE ALIVE,low,-0.03608329711636717,0.28359182534684535,-0.6032669478100579,0.5311003535773235,
BE ALIVE,mid,-0.013476438204164831,0.3648077327327207,-0.7430919036696062,0.7161390272612767,
BEAUTIFUL,high,-0.08095496215837321,0.263213351267983,-0.6073816646943392,0.4454717403775928,
BEAUTIFUL,low,0.07200666236044612,0.2856578230263731,-0.4993089836923001,0.6433223084131923,
BEAUTIFUL,mid,-0.03883302775893714,0.3662925677319286,-0.7714181632227943,0.69375210770492,
BECAUSE,high,-0.06756485756614433,0.2645519090488529,-0.5966686756638502,0.46153896053156146,
BECAUSE,low,0.03081299290564641,0.2873378989671397,-0.5438628050286329,0.6054887908399258,
BECAUSE,mid,-0.009309121018144177,0.366415111283297,-0.7421393435847382,0.7235211015484498,
BEFORE,high,-0.10078403928752507,0.26696387886889617,-0.6347117970253174,0.4331437184502673,
BEFORE,low,-0.02864738144592005,0.2898031515529734,-0.6082536845518669,0.5509589216600268,
BEFORE,mid,0.08620989017363527,0.36643072213772737,-0.6466515541018195,0.81907133444909,
BEHIND,high,-0.06858253495922342,0.26233896499401194,-0.5932604649472473,0.4560953950288005,
BEHIND,low,0.07014050048106293,0.2858153821248974,-0.5014902637687318,0.6417712647308577,
BEHIND,mid,-0.05006346500417469,0.3663981925914611,-0.7828598501870969,0.6827329201787475,
BELLY,high,0.06148258213370592,0.26562276765356874,-0.46976295317343153,0.5927281174408434,
BELLY,low,-0.12288900031624289,0.2824175566243567,-0.6877241135649563,0.4419461129324705,
BELLY,mid,0.010149102491459443,0.36410449586628363,-0.7180598892411079,0.7383580942240267,
BELOW OR UNDER,high,-0.06754613684500882,0.2621917164223697,-0.5919295696897482,0.4568372959997306,
BELOW OR UNDER,low,0.04034678345003416,0.28474150934592185,-0.5291362352418095,0.6098298021418779,
BELOW OR UNDER,mid,-0.018862481104510036,0.365183888452924,-0.749230258010358,0.7115052958013379,
BESIDE,high,-0.18429283844161193,0.26582560018144075,-0.7159440388044934,0.34735836192126957,
BESIDE,low,0.08241759668622188,0.2925238886521422,-0.5026301806180625,0.6674653739905062,
BESIDE,mid,0.0561138032764091,0.36805768112897186,-0.6800015589815346,0.7922291655343529,
BETWEEN,high,-0.17605730322680085,0.26565136388660665,-0.7073600310000141,0.35524542454641245,
BETWEEN,low,0.149457901972592,0.29230191861837684,-0.4351459352641617,0.7340617392093457,
BETWEEN,mid,-0.024449903746928858,0.3694243978517271,-0.7632986994503831,0.7143988919565253,
BIG,high,-0.10646647472196424,0.26197393921511586,-0.630414353152196,0.4174814037082675,
BIG,low,0.050354760971478396,0.2854734523366532,-0.520592143701828,0.6213016656447848,
BIG,mid,0.011659794631680346,0.364694514732964,-0.7177292348342477,0.7410488240976083,
BIRD,high,0.09749985992124346,0.26453231131071353,-0.4315647627001836,0.6265644825426705,
BIRD,low,-0.12773505599910095,0.28081792294724023,-0.6893709018935814,0.4339007898953795,
BIRD,mid,-0.024535133434966324,0.36355543005825475,-0.7516459935514758,0.7025757266815432,
BITE,high,-0.07541834778209265,0.25746071845157836,-0.5903397846852494,0.43950308912106406,
BITE,low,0.18128856929013504,0.28113525369757814,-0.38098193810502123,0.7435590766852913,
BITE,mid,-0.167074933531441,0.36542830220169387,-0.8979315379348287,0.5637816708719467,
BITTER,high,-0.12839523395575106,0.2568014119303873,-0.6419980578165256,0.3852075899050236,
BITTER,low,0.27443762662433757,0.2824226471924496,-0.2904076677605616,0.8392829210092367,
BITTER,mid,-0.2189268096511109,0.3667612917240393,-0.9524493930991895,0.5145957737969677,
BLACK,high,0.10513714533486954,0.26464109939461294,-0.4241450534543564,0.6344193441240954,
BLACK,low,-0.12142625852799345,0.2807692859230757,-0.6829648303741449,0.440112313318158,
BLACK,mid,-0.03954320677137683,0.3639427733113766,-0.76742875339413,0.6883423398513764,
BLOOD,high,-0.005386179710543183,0.2603739242963274,-0.526134028303198,0.5153616688821115,
BLOOD,low,0.05244840139525059,0.2813619082815835,-0.5102754151679163,0.6151722179584176,
BLOOD,mid,-0.09949207846717299,0.36479720692575746,-0.8290864923186879,0.6301023353843419,
BLOW (OF WIND),high,0.41763043853345266,0.26709052320111437,-0.11655060786877608,0.9518114849356814,
BLOW (OF WIND),low,-0.3750869284177279,0.2743054859658608,-0.9236979003494494,0.1735240435139937,
BLOW (OF WIND),mid,-0.15797202429206078,0.3634453355413386,-0.884862695374738,0.5689186467906164,
BLUE,high,0.08441600361591989,0.2657073139867496,-0.44699862435757937,0.6158306315894191,
BLUE,low,-0.08808252541963406,0.2827283095333389,-0.6535391444863118,0.4773740936470437,
BLUE,mid,-0.05091154629535019,0.36567013507482365,-0.7822518164449975,0.6804287238542971,
BLUNT,high,0.15557536540860123,0.26883278986353215,-0.3820902143184631,0.6932409451356656,
BLUNT,low,-0.22716615694762274,0.28198112319752605,-0.7911284033426749,0.33679608944742934,
BLUNT,mid,0.007891948207364522,0.36433058469163204,-0.7207692211758996,0.7365531175906286,
BODY,high,0.05368503038196034,0.26766040981101347,-0.4816357892400666,0.5890058500039873,
BODY,low,-0.13796404923017452,0.2845774467403675,-0.7071189427109095,0.4311908442505605,
BODY,mid,0.03317833191028128,0.3644274586255715,-0.6956765853408617,0.7620332491614243,
BONE,high,0.14610583500966956,0.2635928827733738,-0.381079930537078,0.6732916005564171,
BONE,low,-0.13117413627669045,0.2790893076739758,-0.689352751624642,0.4270044790712611,
BONE,mid,-0.07594347615192198,0.36356459844466366,-0.8030726730412493,0.6511857207374053,
BOY,high,-0.059067505463264655,0.2624020641928123,-0.5838716338488893,0.46573662292235996,
BOY,low,0.036267391987907786,0.2847345011251741,-0.5332016102624405,0.605736394238256,
BOY,mid,-0.02357356779969078,0.3649592116400957,-0.7534919910798822,0.7063448554805006,
BRAIN,high,5.502892796069031e-4,0.2742823086572864,-0.548014328034966,0.5491149065941797,
BRAIN,low,-0.25708214207541596,0.2891225374437418,-0.8353272169628996,0.3211629328120676,
BRAIN,mid,0.19954912858317564,0.3646454098906529,-0.5297416911981302,0.9288399483644815,
BREAST,high,0.1927737682688786,0.2664871858844435,-0.34020060350000836,0.7257481400377656,
BREAST,low,-0.2193083956590565,0.2792076862901585,-0.7777237682393735,0.33910697692126057,
BREAST,mid,-0.041306581754007254,0.3634729102307447,-0.7682524022154966,0.6856392387074821,
BREATHE,high,-0.049766335892957224,0.262047205791018,-0.5738607474749932,0.47432807568907875,
BREATHE,low,0.05102009790099071,0.2839552735667659,-0.5168904492325411,0.6189306450345226,
BREATHE,mid,-0.049350263253968824,0.3650074068002472,-0.7793650768544632,0.6806645503465255,
BURN,high,0.0543030231453397,0.262979936526878,-0.47165684990841633,0.5802628961990958,
BURN,low,-0.049493026794846906,0.28131923465202197,-0.6121314960988908,0.513145442509197,
BURN,mid,-0.05680569704862349,0.3643970044992737,-0.7855997060471709,0.6719883119499239,
BURNING,high,-0.023353351719818463,0.2602300995819053,-0.543813550883629,0.49710684744399214,
BURNING,low,0.1507491690875506,0.2825437427786708,-0.41433831646979097,0.7158366546448922,
BURNING,mid,-0.19134501970160936,0.36695044838903257,-0.9252459164796745,0.5425558770764558,
BUTTOCKS,high,0.10809087865705569,0.2687384054059915,-0.42938593215492726,0.6455676894690386,
BUTTOCKS,low,-0.1791008979914391,0.28291593719921315,-0.7449327723898654,0.38673097640698717,
BUTTOCKS,mid,0.014004504095795648,0.3647988789075046,-0.7155932537192136,0.7436022619108049,
CARRY,high,-0.10146581480093936,0.2609339182312535,-0.6233336512634464,0.42040202166156765,
CARRY,low,0.1126968543494647,0.28520908471692996,-0.45772131508439523,0.6831150237833247,
CARRY,mid,-0.06105867693961768,0.36594608808725165,-0.792950853114121,0.6708334992348857,
CHILD (DESCENDANT),high,-0.07798796037359068,0.2607006959048495,-0.5993893521832897,0.44341343143610834,
CHILD (DESCENDANT),low,0.15520056471717675,0.2856535203443861,-0.4161064759715955,0.7265076054059489,
CHILD (DESCENDANT),mid,-0.1349365520248803,0.36801709136834104,-0.8709707347615624,0.6010976307118018,
CLAW,high,0.06047767695668529,0.26396674726815184,-0.4674558175796184,0.5884111714929889,
CLAW,low,-0.05419135298034914,0.28276201545147434,-0.6197153838832978,0.5113326779225995,
CLAW,mid,-0.05914615226622424,0.3652161473281721,-0.7895784469225684,0.67128614239012,
CLEAN,high,-0.01482476737460806,0.26134671438489715,-0.5375181961444023,0.5078686613951863,
CLEAN,low,0.08255424966025296,0.2832019681760081,-0.4838496866917633,0.6489581860122692,
CLEAN,mid,-0.1229069716803045,0.3668406053684041,-0.8565881824171128,0.6107742390565037,
CLOUD,high,0.05757650147492155,0.265850423227187,-0.47412434497945244,0.5892773479292955,
CLOUD,low,-0.13357968371894505,0.28246333508654686,-0.6985063538920387,0.4313469864541487,
CLOUD,mid,0.02506594409859763,0.3637549195325527,-0.7024438949665077,0.752575783163703,
COLD,high,0.08422373098884221,0.2624712189112357,-0.4407187068336292,0.6091661688113136,
COLD,low,-0.06676886623742578,0.2802156962934872,-0.6272002588244001,0.4936625263495486,
COLD,mid,-0.07218345447208659,0.3638580936696117,-0.79989964181131,0.6555327328671368,
COME,high,-0.10552717861767848,0.2605954238353181,-0.6267180262883146,0.4156636690529577,
COME,low,0.08437842777694532,0.2848629687036769,-0.48534750963040846,0.654104365184299,
COME,mid,-0.025574801503376855,0.3649355632455264,-0.7554459279944297,0.7042963249876759,
CORRECT (RIGHT),high,0.022474476123840424,0.2694462860292129,-0.5164180959345853,0.5613670481822662,
CORRECT (RIGHT),low,-0.1769559679496068,0.28606992868776343,-0.7490958253251336,0.3951838894259201,
CORRECT (RIGHT),mid,0.10392390478226675,0.3641469349027986,-0.6243699650233304,0.832217774587864,
COUGH,high,-0.020585005560506648,0.2711801300393339,-0.5629452656391745,0.5217752545181611,
COUGH,low,-0.20121883786877318,0.28844190886246424,-0.7781026555937016,0.3756649798561553,
COUGH,mid,0.17074784591133338,0.3641734571581218,-0.5575990684049102,0.8990947602275771,
CROOKED,high,-0.08636066569504582,0.27074366511481324,-0.6278479959246723,0.45512666453458067,
CROOKED,low,-0.1307580084460341,0.2903582206153188,-0.7114744496766717,0.44995843278460346,
CROOKED,mid,0.1710287476952695,0.36535315361150855,-0.5596775595277477,0.9017350549182865,
CRUSH,high,-0.07457396192584304,0.2673070986912164,-0.6091881593082757,0.46004023545658973,
CRUSH,low,0.09343690397740351,0.29213018351135567,-0.49082346304530783,0.6776972710001148,
CRUSH,mid,-0.07061433328033115,0.3701671375608735,-0.8109486084020782,0.6697199418414158,
CRY,high,-0.024865119558655894,0.25963741630628917,-0.5441399521712342,0.49440971305392245,
CRY,low,0.0854802817716681,0.2815217010730812,-0.47756312037449433,0.6485236839178306,
CRY,mid,-0.11430493658868494,0.36487943700855524,-0.8440638106057954,0.6154539374284256,
DARK,high,0.12415478322044125,0.26650899159111835,-0.40886319996179543,0.657172766402678,
DARK,low,-0.14448045073802498,0.28211802177276124,-0.7087164942835474,0.4197555928074975,
DARK,mid,-0.038089786706743636,0.3651957417564069,-0.7684812702195575,0.6923016968060701,
DAY (NOT NIGHT),high,-0.034417916206140146,0.2596523531838773,-0.5537226225738947,0.48488679016161446,
DAY (NOT NIGHT),low,0.08869364909849331,0.28156921375473964,-0.474444778410986,0.6518320766079726,
DAY (NOT NIGHT),mid,-0.10718549822549525,0.36468023678875405,-0.8365459718030034,0.6221749753520128,
DEEP,high,0.014430988661378137,0.2674579132748571,-0.520484837888336,0.5493468152110923,
DEEP,low,-0.09051694134021145,0.28636095054943145,-0.6632388424390744,0.48220495975865146,
DEEP,mid,0.027960238272461236,0.36638917506556234,-0.7048181118586635,0.7607385884035859,
DIE,high,0.1362998928093413,0.2628322820049812,-0.3893646712006211,0.6619644568193037,
DIE,low,-0.08879817876783694,0.2789738233369782,-0.6467458254417933,0.46914946790611944,
DIE,mid,-0.10877845286812701,0.36413785985569685,-0.83705417257952075,0.6194972668432667,
DIRTY,high,0.02962961651358951,0.261411944154937,-0.4931942717962845,0.5524535048234636,
DIRTY,low,0.004103947679261917,0.2814661986959751,-0.5588284497126883,0.5670363450712121,
DIRTY,mid,-0.08607475441469546,0.36423869971564593,-0.8145521538459873,0.6424026450165964,
DO,high,-0.052310522225483026,0.266619630275479,-0.5855497827764411,0.480928738325475,
DO,low,-0.04041146590248147,0.2878487165429981,-0.6161088989884776,0.5352859671835147,
DO,mid,0.04822657371436285,0.3660392312495491,-0.6838518887847354,0.7803050362134611,
DO OR MAKE,high,-0.17999053036477022,0.2650038985574864,-0.709998327479743,0.3500172667502026,
DO OR MAKE,low,0.0759501071205364,0.2922683951984726,-0.5085866832764088,0.6604868975174816,
DO OR MAKE,mid,0.058747282650870654,0.36759658704992293,-0.6764458914489752,0.7939404567507166,
DOG,high,0.06465380240021791,0.26072772377421816,-0.4568016451482184,0.5861092499486542,
DOG,low,-0.00846076136761208,0.279530224594187,-0.5675212105559861,0.550599687820762,
DOG,mid,-0.11200108819162391,0.3640543968562455,-0.840109881904115,0.6161077055208671,
DRINK,high,0.27375259919355593,0.2663297953164349,-0.2589069914393139,0.8064121898264258,
DRINK,low,-0.26366521630509043,0.27707276105067125,-0.8178107384064329,0.29048030579625206,
DRINK,mid,-0.09199674107617005,0.36340462164458776,-0.8188059843653456,0.6348125022130054,
DRY,high,-0.16787700946713946,0.2602846593359705,-0.6884463281390805,0.35269230920480155,
DRY,low,0.1389865043035863,0.286418243811687,-0.43384998331978775,0.7118229919269603,
DRY,mid,-0.019954465024396732,0.36572793979978707,-0.7514103446239708,0.7115014145751775,
DUST,high,0.20150299157255086,0.2666575467724234,-0.331812101972296,0.7348180851173978,
DUST,low,-0.22522517411431967,0.2791562510164644,-0.7835376761472485,0.3330873279186092,
DUST,mid,-0.04554092519174738,0.3634507509031124,-0.7724424269979722,0.6813605766144775,
EAR,high,-0.009308804231602904,0.26443083819885727,-0.5381704806293174,0.5195528721661117,
EAR,low,-0.06710781226416554,0.28404916056454466,-0.6352061333932548,0.5009905088649238,
EAR,mid,0.030547108992842714,0.3641834286514631,-0.6978197483100834,0.7589139662957689,
EARTH (SOIL),high,-0.1665325451032481,0.2622128437200564,-0.6909582325433609,0.35789314233686464,
EARTH (SOIL),low,0.07254195188500416,0.28787846660783184,-0.5032149813306596,0.6482988851006678,
EARTH (SOIL),mid,0.04968960460496593,0.36521065455953,-0.680731704514094,0.780110913724026,
EAT,high,-0.17768143624754865,0.2564436919612161,-0.6905688201699808,0.33520594767488354,
EAT,low,0.2605887378065326,0.2835218478972333,-0.306454957987934,0.8276324336009991,
EAT,mid,-0.14749431680822114,0.3659740918795601,-0.8794425005673413,0.5844538669508991,
EGG,high,0.17479049696443702,0.26634230532345377,-0.3578941136824705,0.7074751076113446,
EGG,low,-0.21171932084914472,0.27953230222200925,-0.7707839252931632,0.3473452835948738,
EGG,mid,-0.028213311035913548,0.36337996119856897,-0.7549732334330514,0.6985466113612244,
EIGHT,high,-0.14990093905969676,0.2611843306029205,-0.6722696002655377,0.37246772214614426,
EIGHT,low,0.1226266949353822,0.28698387886651994,-0.4513410627976577,0.696594452668422,
EIGHT,mid,-0.02094172607041873,0.36623356064118606,-0.7534088473527909,0.7115253952119533,
ELEVEN,high,0.01584484355465327,0.2689926666582894,-0.5221404897619255,0.5538301768712321,
ELEVEN,low,-0.14033187986187562,0.28724696030672864,-0.714825800475333,0.43416204075158166,
ELEVEN,mid,0.07554109132871727,0.3654935724618115,-0.6554460535949058,0.8065282362523403,
EMPTY,high,-0.09754662588366343,0.2647717608820001,-0.6270901476476637,0.4319968958803368,
EMPTY,low,0.015254692789156709,0.28846157436364567,-0.5616684559381346,0.592177841516448,
EMPTY,mid,0.03843287187956665,0.36599818409675766,-0.6935634963139486,0.770429240073082,
EYE,high,0.003852029815372333,0.2626889249487776,-0.5215258200821828,0.5292298797129276,
EYE,low,-0.027741246615417384,0.2827524779226871,-0.5932462024607916,0.5377637092299568,
EYE,mid,-0.023862479512273188,0.3641275492413187,-0.7521175779949105,0.7043926189703642,
FALL,high,-0.020536506395956014,0.2642915550742726,-0.5491196165445013,0.5080466037525891,
FALL,low,-0.050527131540023286,0.28460325249542207,-0.6197336365308674,0.5186793734508208,
FALL,mid,0.025626109877905125,0.36432169260888303,-0.7030172753398609,0.7542694950956712,
FAR,high,-0.13393958061199054,0.26051058648921,-0.6549607535904105,0.38708159236642947,
FAR,low,0.11931709270304855,0.28580424482462014,-0.4522913969461917,0.6909255823522888,
FAR,mid,-0.03378974025191838,0.3656880095757106,-0.7651657594033396,0.6975862788995029,
FART,high,0.19997419300290856,0.2671038641047573,-0.33423353520660604,0.7341819212124231,
FART,low,-0.1527728705933091,0.28162718703544953,-0.7160272446642082,0.41048150347758994,
FART,mid,-0.11735186954488666,0.36583416626618764,-0.8490202020772619,0.6143164629874887,
FAST,high,-0.07517942205089079,0.2627938346129755,-0.6007670912768418,0.45040824717506023,
FAST,low,0.058832930964827224,0.2856191996910565,-0.5124054684172857,0.6300713303469402,
FAST,mid,-0.030727196810074613,0.36597212647479366,-0.762671449759662,0.7012170561395127,
FAT (ORGANIC SUBSTANCE),high,-0.07308839307906315,0.26022289525832676,-0.5935341835957166,0.4473573974375904,
FAT (ORGANIC SUBSTANCE),low,0.09111994882617339,0.28348216225919187,-0.4758443756922104,0.6580842733445571,
FAT (ORGANIC SUBSTANCE),mid,-0.06758704515593526,0.3650338942800766,-0.7976548337160885,0.6624807434042179,
FEATHER,high,0.07048664119621485,0.2647021384464407,-0.45891763569666655,0.5998909180890962,
FEATHER,low,-0.1094913124739178,0.2817927054175069,-0.6730767233089316,0.454094098361096,
FEATHER,mid,-0.013092370915968638,0.3639804435209196,-0.7410532579578079,0.7148685161258707,
FEW,high,6.028460355144181e-4,0.26841471992915744,-0.5362265938228005,0.5374322858938293,
FEW,low,-0.13062273813828906,0.28670926201118985,-0.7040412621606688,0.44279578588409063,
FEW,mid,0.08237378800590826,0.3647599961552665,-0.6471462043046248,0.8118937803164412,
FINGER,high,0.08384035526659277,0.26420862538505585,-0.4445768955035189,0.6122576060367044,
FINGER,low,-0.08527484218376502,0.28175664748159174,-0.6487881371469485,0.47823845277941845,
FINGER,mid,-0.05283259535798616,0.3646025685518774,-0.7820377324617409,0.6763725417457687,
FINGERNAIL,high,0.10119232527845155,0.2679638050941657,-0.4347352849098798,0.6371199354667829,
FINGERNAIL,low,-0.18429854537261559,0.2826847368987241,-0.7496680191700638,0.3810709284248326,
FINGERNAIL,mid,0.02682599748777861,0.36417258540041114,-0.7015191733130437,0.7551711682886009,
FIRE,high,-0.0018350412190767213,0.2619805363961871,-0.525796114011451,0.5221260315732975,
FIRE,low,-0.0067331017462806736,0.2822440117425929,-0.5712211252314665,0.5577549217389051,
FIRE,mid,-0.039614184923297074,0.36410517256553715,-0.7678245300543713,0.6885961602077773,
FISH,high,0.05473594925582856,0.2596201809474765,-0.46450441263912445,0.5739763111507816,
FISH,low,0.04268647456700944,0.27903955495659166,-0.5153926353461739,0.6007655844801928,
FISH,mid,-0.15703521343662116,0.3644887043869231,-0.8860126222104674,0.571942195337225,
FIVE,high,0.060121074406419825,0.25914814811219566,-0.4581752218179715,0.5784173706308111,
FIVE,low,0.048075362462059616,0.2787833422875349,-0.5094913221130102,0.6056420470371293,
FIVE,mid,-0.16937122157656265,0.3645287850717833,-0.8984287917201292,0.559686348567004,
FLAT,high,-0.26754508751445744,0.25987168370954666,-0.7872884549335508,0.2521982799046359,
FLAT,low,0.26522886670806184,0.29002579766182646,-0.3148227286155911,0.8452804620317147,
FLAT,mid,-0.05990472187005861,0.3686922744873858,-0.7972892708448301,0.677479827104713,
FLESH,high,0.02824952081491767,0.2663390803482213,-0.5044286398815249,0.5609276815113603,
FLESH,low,-0.05333866016919688,0.2858580905124696,-0.625054841194136,0.5183775208557423,
FLESH,mid,-0.024905057062290212,0.36687020889869315,-0.7586454748596765,0.7088353607350961,
FLESH OR MEAT,high,0.11612716353660223,0.2651200058897734,-0.4141128482429446,0.6463671753161491,
FLESH OR MEAT,low,-0.12313991712576348,0.28103773840723323,-0.6852153939402299,0.43893555968870296,
FLESH OR MEAT,mid,-0.050339440872772256,0.3643448611365582,-0.7790291631458885,0.6783502814003441,
FLOWER,high,0.02197024932434462,0.2626455604070156,-0.5033208714896865,0.5472613701383758,
FLOWER,low,-0.022319867588332185,0.2821138518298022,-0.58654757124793655,0.5419078360712722,
FLOWER,mid,-0.049457776397878045,0.364376634706306,-0.77821104581049,0.6792954930147339,
FLY (INSECT),high,0.12633310152391714,0.26614077842492095,-0.4059484553259248,0.6586146583737591,
FLY (INSECT),low,-0.15073838313683408,0.28134297229126926,-0.7134243277193726,0.41194756144570444,
FLY (INSECT),mid,-0.03400916562617892,0.3641782383219373,-0.7623656422700535,0.6943473110176956,
FLY (MOVE THROUGH AIR),high,0.006105184361214762,0.26465456941235177,-0.5232039544634888,0.5354143231859183,
FLY (MOVE THROUGH AIR),low,-0.07308374611562898,0.2838944165791933,-0.6408725792740155,0.4947050870427576,
FLY (MOVE THROUGH AIR),mid,0.02008696161198252,0.36415189123296315,-0.7082168208539438,0.7483907440779088,
FOOT,high,-6.079136766412039e-4,0.2630807261503189,-0.5267693659772791,0.5255535386239966,
FOOT,low,-0.021156935314745502,0.2833756401166301,-0.5879082155480057,0.5455943449185147,
FOOT,mid,-0.026081719861599857,0.36495487844592195,-0.7559914767534438,0.703828037030244,
FOOT OR LEG,high,-0.06949291172211591,0.26597899638565353,-0.601450904493423,0.46246508104919115,
FOOT OR LEG,low,-0.03627181993529149,0.28731288989060844,-0.6108975997165084,0.5383539598459254,
FOOT OR LEG,mid,0.06215800666527688,0.36522154652401917,-0.6682850863827614,0.7926010997133153,
FOUR,high,-0.03788833797517134,0.25949127429724783,-0.556870886569667,0.48109421061932434,
FOUR,low,0.08667299313049981,0.2819698305413359,-0.477266667952172,0.6506126542131716,
FOUR,mid,-0.101100458936052,0.3647834953047308,-0.8306674495455136,0.6284665316734096,
FULL,high,0.07943644154907169,0.2675872482557213,-0.45573805496237085,0.6146109380605143,
FULL,low,-0.17623272748280697,0.28309559922360855,-0.742423925930024,0.38995847096441016,
FULL,mid,0.0428200358165991,0.3638291829407118,-0.6848383300648245,0.7704784016980227,
GIRL,high,-3.6499421692093027e-4,0.26116179176540283,-0.5226885777477266,0.5219585893138847,
GIRL,low,0.04734865322763331,0.2824189297873004,-0.5174892063469675,0.612186512802234,
GIRL,mid,-0.09973190593505088,0.36523594855400016,-0.8302038030430512,0.6307399911729494,
GIVE,high,-0.03912029093030275,0.2637387628549875,-0.5665978166402778,0.48835723477967224,
GIVE,low,-0.025268584243600404,0.2846397213912479,-0.5945480270260962,0.5440108585388953,
GIVE,mid,0.0195874164667793,0.3642979504752069,-0.7090084844836345,0.7481833174171931,
GO,high,-0.14525013373980056,0.26259188652574833,-0.6704339067912972,0.3799336393116961,
GO,low,0.06895109440134722,0.28749152402264744,-0.5060319536439477,0.643934142446642,
GO,mid,0.031782775567297694,0.3655100546648932,-0.6992373337624888,0.7628028848970841,
GOOD,high,-0.14934278675680632,0.26195269896220963,-0.6732481846812256,0.3745626111676129,
GOOD,low,0.07538461222318733,0.28717781583758806,-0.4989710194519888,0.6497402438983635,
GOOD,mid,0.029314540940164807,0.36515042109063434,-0.7009863012411038,0.7596153831214335,
GRASS,high,0.028162967392494753,0.261456395561731,-0.49474982373096726,0.5510757585159568,
GRASS,low,-6.824964529776126e-4,0.28125600790696126,-0.5631945122669001,0.5618295193609449,
GRASS,mid,-0.07925746087891361,0.3643736910703699,-0.8080048430196534,0.6494899212618261,
GREEN,high,-0.005030914400116615,0.26401409179137925,-0.5330590979828751,0.5229972691826419,
GREEN,low,-0.052971501369344136,0.28360205230776253,-0.6201756059848692,0.5142326032461809,
GREEN,mid,0.011622316361751298,0.3643967891320167,-0.7171712619022821,0.7404158946257846,
GREY,high,-0.033765579292847216,0.27304475304241144,-0.57985508537767,0.5123239267919757,
GREY,low,-0.07846413966296333,0.295356448100722,-0.6691770358644072,0.5122487565384807,
GREY,mid,0.06534914241035732,0.36931546132577847,-0.6732817802411997,0.8039800650619142,
GRIND,high,-0.06289851669641108,0.26361927243968236,-0.5901370615757758,0.4643400281829536,
GRIND,low,0.05025280180340986,0.2861416916506108,-0.5220305814978118,0.6225361851046315,
GRIND,mid,-0.034827789443387,0.3663610748642907,-0.7675499391719685,0.6978943602851944,
GROW,high,0.032221864077178974,0.2657331728561037,-0.49924448163502844,0.5636882097893864,
GROW,low,-0.08985937176674727,0.28403725402444324,-0.6579338798156338,0.4782151362821392,
GROW,mid,0.008598140298086431,0.3650432737436948,-0.7214884071893031,0.738684687785476,
HAIR,high,0.31354227790463973,0.26672075548835256,-0.21989923307206538,0.8469837888813448,
HAIR,low,-0.28980370464798727,0.27615457127397525,-0.8421128471959378,0.2625054378999632,
HAIR,mid,-0.11381324744277811,0.3635490144356921,-0.8409112763141623,0.6132847814286061,
HALF,high,-0.3026529605590906,0.26090583494339903,-0.8244646304458887,0.21915870932770748,
HALF,low,0.26043166045609706,0.2923610423586929,-0.3242904242612888,0.845153745173483,
HALF,mid,-0.019740789596294918,0.3692711394794649,-0.7582830685552246,0.7188014893626349,
HAND,high,-0.103438191596257,0.25726852628326935,-0.6179752441627957,0.4110988609702817,
HAND,low,0.20056029896198077,0.2820137423940803,-0.36346718582617976,0.7645877837501414,
HAND,mid,-0.15835082600261688,0.36590358972187953,-0.8901580054463759,0.5734563534411422,
HAPPY,high,0.04413872836496378,0.2641322356356472,-0.4841257429063306,0.5724031996362582,
HAPPY,low,-0.02835219306214417,0.28363298646469437,-0.5956181659915329,0.5389137798672445,
HAPPY,mid,-0.06822169172649784,0.3656945015254891,-0.799610694777476,0.6631673113244804,
HARD,high,-0.2148484957764721,0.2615010141555019,-0.737850524087476,0.3081535325345317,
HARD,low,0.16359472746784431,0.2892473911697256,-0.41490005487160686,0.7420895098072955,
HARD,mid,6.82870101017239e-4,0.3666798942702328,-0.7326769184394484,0.7340426586414828,
HE OR SHE OR IT,high,-0.11219778310633155,0.26666124078964126,-0.6455202646856141,0.421124698472951,
HE OR SHE OR IT,low,-0.0183661942120331,0.29043911181555376,-0.5992444178431406,0.5625120294190744,
HE OR SHE OR IT,mid,0.08746703052528954,0.3662756959312324,-0.6450843613371753,0.8200184223877542,
HEAD,high,0.08283957533419081,0.2659716962046724,-0.449103817075154,0.6147829677435357,
HEAD,low,-0.15233206145342862,0.28202585646892103,-0.7163837743912707,0.4117196514844135,
HEAD,mid,0.015987874435029362,0.3637307801653593,-0.7114736858956893,0.743449434765748,
HEAR,high,-0.05934525560236925,0.2669071880924196,-0.5931596317872084,0.4744691205824699,
HEAR,low,-0.0991204114460777,0.2870706746899648,-0.6732617608260072,0.47502093793385186,
HEAR,mid,0.11412517970866679,0.3641572399960168,-0.6141893002833668,0.8424396597007003,
HEART,high,0.06956749657104434,0.26901516022070077,-0.4684628238703572,0.6075978170124459,
HEART,low,-0.19948812142508476,0.28381699919773584,-0.7671221198205564,0.3681458769703869,
HEART,mid,0.07554276650337614,0.3642094303795733,-0.6528760942557705,0.8039616272625227,
HEAVY,high,0.09991491508028093,0.2642231416671803,-0.42853136825407967,0.6283611984146416,
HEAVY,low,-0.10987344585443476,0.28057326809699557,-0.671019982048426,0.45127309033955637,
HEAVY,mid,-0.04536031763447664,0.36369286186432814,-0.772746041363133,0.6820254060941796,
HERE,high,-0.16488198472237803,0.265909688070067,-0.696701360862512,0.36693739141775594,
HERE,low,0.006792121837261184,0.29098136795240054,-0.5751706140675399,0.5887548577420623,
HERE,mid,0.11495782294195145,0.36622343876122376,-0.6174890545804961,0.847404700464399,
HIDE,high,0.10362403057104236,0.2646971710306352,-0.4257703114902281,0.6330183726323129,
HIDE,low,-0.10082108367862824,0.28158532567191896,-0.6639917350224662,0.4623495676652097,
HIDE,mid,-0.0592026744829037,0.3650189809799961,-0.7892406364428959,0.6708352874770884,
HIGH,high,-0.03224586362384178,0.2673507036488033,-0.5669472709214484,0.5024555436737649,
HIGH,low,-0.05554533199557168,0.28748608223104294,-0.6305174964576575,0.5194268324665142,
HIGH,mid,0.04235246096558695,0.36650034927878683,-0.6906482375919867,0.7753531595231606,
HIT,high,-0.027155024139664623,0.26292144271186774,-0.5529979095634001,0.49868786128407083,
HIT,low,-3.455039506456835e-4,0.28402616825126,-0.5683978404531657,0.5677068325518743,
HIT,mid,-0.01911612175659558,0.3647785669295946,-0.7486732556157848,0.7104410121025936,
HORN (ANATOMY),high,-0.03782801798258987,0.2670740220188456,-0.5719760620202811,0.49632002605510134,
HORN (ANATOMY),low,-0.09615002730949672,0.286708462924372,-0.6695669531582408,0.4772668985392473,
HORN (ANATOMY),mid,0.08897138437256281,0.3648573611180694,-0.640743337863576,0.8186861066087016,
HOT,high,-0.011231121120569428,0.26248629880760227,-0.536203718735774,0.5137414764946351,
HOT,low,-0.008810826671887484,0.28336221470734985,-0.5755352560865872,0.5579136027428122,
HOT,mid,-0.027393830471653814,0.364761364657595,-0.7569165597868438,0.7021288988435362,
HOT OR WARM,high,-0.0021786101377023162,0.27043826663064735,-0.543055143398997,0.5386979231235924,
HOT OR WARM,low,-0.09665461751103593,0.28961023491760884,-0.6758750873462536,0.48256585232418175,
HOT OR WARM,mid,0.05119680703821051,0.3670098794349907,-0.6828229518317709,0.7852165659081919,
HOUSE,high,-0.10004498210322803,0.26063863461187226,-0.6213222513269725,0.42123228712051647,
HOUSE,low,0.0924341257770573,0.2845777164495146,-0.47672130712197186,0.6615895586760865,
HOUSE,mid,-0.04013708511996473,0.36506522195649266,-0.77026752903295,0.6899933587930206,
HOW,high,-0.1747740524684955,0.2627967424782843,-0.7003675374250641,0.350819432488073,
HOW,low,0.08212354580783386,0.28856628678206037,-0.49500902775628686,0.6592561193719546,
HOW,mid,0.047732609676608105,0.36601442976428883,-0.6842962498519696,0.7797614692051857,
I,high,-0.11215716722226851,0.2612417792757631,-0.6346407257737947,0.41032639132925763,
I,low,0.0823931728290622,0.28508518252935117,-0.4877771922296401,0.6525635378877646,
I,mid,-0.016512284320733234,0.3650980205812032,-0.7467083254831397,0.7136837568416732,
IF,high,-0.17442573398031444,0.2628120252887129,-0.7000497845577403,0.3511983165971113,
IF,low,0.11143060482081066,0.28951616229895794,-0.4676017197771052,0.6904629294187266,
IF,mid,0.016084022634076538,0.36637693133668275,-0.716669840039289,0.748837885307442,
IN,high,-0.04449561205279145,0.26606313437541884,-0.5766218808036291,0.4876306566980462,
IN,low,-0.02987742193219266,0.2872180114191691,-0.6043134447705308,0.5445586009061455,
IN,mid,0.029388214221299017,0.36590751810956984,-0.7024268219978407,0.7612032504404387,
IN FRONT OF,high,-0.11383973807536932,0.26901717591360774,-0.6518740899025848,0.4241946137518462,
IN FRONT OF,low,-0.061453068942883014,0.2912925529156097,-0.6440381747741024,0.5211320368883363,
IN FRONT OF,mid,0.13167712576576904,0.3665302122279759,-0.6013832986901827,0.8647375502217208,
KILL,high,-0.049979597228228985,0.2593024581907034,-0.5685845136096358,0.46862531915317784,
KILL,low,0.09096304331949182,0.28223689003590835,-0.4735107367523249,0.6554368233913085,
KILL,mid,-0.09246282267932159,0.3645904795360039,-0.8216437817513293,0.6367181363926862,
KNEE,high,0.21605131947074815,0.26874874810258376,-0.32144617673441933,0.7535488156759157,
KNEE,low,-0.28167282140872474,0.27947290517855083,-0.8406186317658264,0.27727298894837693,
KNEE,mid,-0.008114468823856717,0.3636344912882904,-0.7353834514004375,0.7191545137527241,
KNOW,high,-0.10519304202695348,0.262405464982085,-0.6300039719911235,0.41961788793721655,
KNOW,low,0.14148777357943604,0.28703652677294417,-0.4325852799664523,0.7155608271253244,
KNOW,mid,-0.08963207363526754,0.367565795278056,-0.8247636641913796,0.6454995169208444,
KNOW (SOMETHING),high,-0.04234818003154042,0.26129907899584964,-0.5649463380232397,0.4802499779601589,
KNOW (SOMETHING),low,0.05303811174937481,0.28332381035100246,-0.5136095089526301,0.6196857324513797,
KNOW (SOMETHING),mid,-0.05950426257356287,0.3650957221160366,-0.789695706805636,0.6706871816585103,
LAUGH,high,-0.03439350819387308,0.26201952179735843,-0.55843255178859,0.48964553540084377,
LAUGH,low,0.0168465562432307,0.2834332245561801,-0.5500198928691294,0.5837130053555909,
LAUGH,mid,-0.029318033090032274,0.364667932076673,-0.7586538972433782,0.7000178310633137,
LEAF,high,-0.17780874389171467,0.25713496001606206,-0.6920786639238388,0.3364611761404095,
LEAF,low,0.24103449897083434,0.28426282745313836,-0.32749115593544237,0.8095601538771111,
LEAF,mid,-0.12446507331763015,0.3658992678503942,-0.8562636090184186,0.6073334623831583,
LEFT,high,-0.07212144263218,0.2617436929015956,-0.5956088284353712,0.4513659431710112,
LEFT,low,0.046892260019280964,0.28437564480007643,-0.5218590295808719,0.6156435496194338,
LEFT,mid,-0.020856495035026148,0.36500871066655927,-0.7508739163681447,0.7091609262980924,
LIE (REST),high,-0.16311037309291318,0.26385005385747223,-0.6908104808078577,0.36458973462203126,
LIE (REST),low,0.16710602199439337,0.29066040234528934,-0.4142147826961853,0.7484268266849721,
LIE (REST),mid,-0.05719100903985215,0.36925001704561405,-0.7956910431310803,0.6813090250513759,
LIE DOWN,high,-0.08947358513262098,0.2638956638695919,-0.6172649128718047,0.4383177426065628,
LIE DOWN,low,-0.0030280177784208426,0.286770072490183,-0.5765681627587869,0.5705121272019451,
LIE DOWN,mid,0.04925238293745993,0.36512454416262785,-0.6809967053877958,0.7795014712627156,
LIGHT (COLOR),high,-0.09306589776669348,0.2643179642617963,-0.6217018262902861,0.43557003075689915,
LIGHT (COLOR),low,0.11412722380958706,0.2891932933427417,-0.4642593628758963,0.6925138104950704,
LIGHT (COLOR),mid,-0.07278009516639472,0.3690149926892406,-0.8108100805448759,0.6652498902120865,
LIGHT (WEIGHT),high,-0.1260294228021664,0.2644628919025841,-0.6549552066073345,0.4028963610030018,
LIGHT (WEIGHT),low,0.048107070108189376,0.2890920254860014,-0.5300769808638134,0.6262911210801921,
LIGHT (WEIGHT),mid,0.033534853473371325,0.3664585530204078,-0.6993822525674442,0.766451959514187,
LIP,high,0.08107589166045298,0.27278891969968594,-0.4645019477389189,0.6266537310598248,
LIP,low,-0.26864284336249655,0.2861137589087556,-0.8408703611800078,0.3035846744550147,
LIP,mid,0.1268597230675369,0.3646742401667067,-0.6024887572658765,0.8562082034009503,
LIVER,high,-0.15135596466777382,0.26052023357159526,-0.6723964318109643,0.36968450247541673,
LIVER,low,0.1172712087505775,0.28640520790755225,-0.455539207064527,0.690081624565682,
LIVER,mid,-0.013357830346535616,0.3653598073983839,-0.7440774451433034,0.7173617844502322,
LONG,high,-0.10507661877139471,0.2607996464025211,-0.626675911576437,0.4165226740336475,
LONG,low,0.08543917244599067,0.28494468761193736,-0.4844502027778841,0.6553285476698654,
LONG,mid,-0.027212674496907747,0.36487929375201344,-0.7569712620009347,0.7025459130071191,
LOUD,high,-0.08755458481310566,0.26660548238729825,-0.6207655495877021,0.4456563799614909,
LOUD,low,0.05824435448662137,0.29045857139775216,-0.522672788308883,0.6391614972821257,
LOUD,mid,-0.018073419750127644,0.3690643003241843,-0.7562020203984963,0.7200551808982409,
LOUSE,high,0.4164927355229242,0.2646938056614615,-0.1128948757999988,0.9458803468458472,
LOUSE,low,-0.31902390420458765,0.27311984232546765,-0.8652635888555229,0.22721578044634766,
LOUSE,mid,-0.21134713557521348,0.3633623765036742,-0.9380718885825619,0.515377617432135,
LOW,high,-0.05952497334321435,0.2670760331772778,-0.59367703969777,0.47462709301134126,
LOW,low,-0.02667536377927601,0.28894480153476515,-0.6045649668488063,0.5512142392902543,
LOW,mid,0.041505851845969353,0.36734557112490435,-0.6931852904038394,0.776196994095778,
LOWER ARM,high,-0.13534550574788964,0.265482178329042,-0.6663098624059736,0.39561885091019433,
LOWER ARM,low,0.11298628099780957,0.2926857985959414,-0.47238531619407326,0.6983578781896924,
LOWER ARM,mid,-0.026992489700691506,0.3697012595810369,-0.7663950088627652,0.7124100294613823,
LOWER LEG,high,-0.045449478810732497,0.26856026464842375,-0.58257000810758,0.49167105048611504,
LOWER LEG,low,0.022439082751512265,0.2940721300107881,-0.5657051772700639,0.6105833427730885,
LOWER LEG,mid,-0.025566345649871335,0.3700695448953107,-0.7657054354404927,0.71457274414075,
LUNG,high,-0.0069576580734906504,0.26474656630966464,-0.53645079069282,0.5225354745458386,
LUNG,low,-0.04864066266294821,0.28445361539617925,-0.6175478934553067,0.5202665681294103,
LUNG,mid,0.009089821422816674,0.36466065437961664,-0.7202314873364166,0.73841113018205,
MAN,high,-0.12411959973325137,0.26300232690131775,-0.6501242535358869,0.40188505406938413,
MAN,low,0.048114551509774735,0.28647702909310324,-0.5248395066764318,0.6210686096959812,
MAN,mid,0.032093034927701644,0.3651457379609332,-0.6981984409941647,0.762384510849568,
MANY,high,-0.07732692151518203,0.2628281533648084,-0.6029832282447989,0.4483293852144348,
MANY,low,0.01836030646281691,0.28594045680624824,-0.5535206071496795,0.5902412200753134,
MANY,mid,0.014576971414013054,0.36502085222722597,-0.7154647330404389,0.744618675868465,
MILK,high,0.0711148904249229,0.26456644474818286,-0.4580179990714428,0.6002477799212886,
MILK,low,-0.07654916636068018,0.2823919375875085,-0.6413330415356973,0.48823470881433684,
MILK,mid,-0.04769211105874766,0.36487291014140877,-0.7774379313415652,0.6820537092240698,
MOON,high,-0.08615558893737191,0.2617066568411715,-0.6095689026197149,0.4372577247449711,
MOON,low,0.04666651973250338,0.28487966516191965,-0.5230928105913359,0.6164258500563427,
MOON,mid,-0.005700312639858802,0.36462671019218046,-0.7349537330242197,0.7235531077445021,
MOUNTAIN,high,-0.03985340342758168,0.26669110670862894,-0.5732356168448396,0.4935288099896762,
MOUNTAIN,low,-0.08948258698340293,0.2863190985322449,-0.6621207840478928,0.4831556100810869,
MOUNTAIN,mid,0.08461478347377964,0.3645753452033296,-0.6445359069328797,0.8137654738804388,
MOUTH,high,-0.08628254311637416,0.2615186774194095,-0.6093198979551931,0.4367548117224448,
MOUTH,low,0.04919635113252188,0.28535378482022067,-0.5215112185079195,0.6199039207729632,
MOUTH,mid,-0.008308638122841203,0.3648960408753845,-0.7381007198736103,0.7214834436279278,
NAME,high,0.04337587343310191,0.2614824948804983,-0.4795891163278947,0.5663408631940985,
NAME,low,-0.012612922530213903,0.2807379920834743,-0.5740889066971625,0.5488630616367346,
NAME,mid,-0.08350716989643213,0.3643199724553934,-0.8121471148072189,0.6451327750143546,
NARROW,high,0.020661612453382026,0.265603231359881,-0.51054485026638,0.5518680751731441,
NARROW,low,-0.07780311830313034,0.2840855325860849,-0.6459741834753001,0.4903679468690394,
NARROW,mid,0.0089469913748764,0.36493396065168543,-0.7209209299284944,0.7388149126782473,
NAVEL,high,0.2768605424284245,0.2732307350709399,-0.26960092771345534,0.8233220125703044,
NAVEL,low,-0.4052887467688912,0.279985384245984,-0.9652595152608592,0.15468202172307682,
NAVEL,mid,0.035154708763988476,0.36369220025897286,-0.6922296917539572,0.7625391092819342,
NEAR,high,-0.03288878064022663,0.26100266656542603,-0.5548941137710787,0.48911655249062547,
NEAR,low,0.04384837565717091,0.2828457276420965,-0.521843079627022,0.6095398309413639,
NEAR,mid,-0.05973749129278777,0.3644210338649244,-0.7885795590226365,0.6691045764370611,
NECK,high,0.03336608601995069,0.2697445101925315,-0.5061229343651122,0.5728551064050137,
NECK,low,-0.20920952887656283,0.2850236839824261,-0.7792568968414151,0.36083783908828937,
NECK,mid,0.12293984304623669,0.36360709445092887,-0.604274345855621,0.8501540319480945,
NEW,high,-0.03472887899300207,0.261418698450299,-0.5575662758936001,0.48810851790759596,
NEW,low,0.030313627115983108,0.28322899240935245,-0.5361443577027218,0.596771611934688,
NEW,mid,-0.043272007412537464,0.36479726527223416,-0.7728665379570058,0.6863225231319309,
NIGHT,high,0.18641307259061854,0.2663924208023663,-0.34637176901411404,0.7191979141953512,
NIGHT,low,-0.219151526050426,0.2790607176875191,-0.7772729614254642,0.33896990932461224,
NIGHT,mid,-0.03414423972501522,0.36336366259210195,-0.7608715649092191,0.6925830854591887,
NINE,high,0.12617500766680456,0.26375245000747066,-0.40132989234813676,0.6536799076817459,
NINE,low,-0.10093152736707321,0.27990472962596674,-0.6607409866190067,0.45887793188486026,
NINE,mid,-0.08452475722525503,0.36450022241920715,-0.8135252020636693,0.6444756876131593,
NIPPLE,high,0.1382828560077349,0.2725396679833125,-0.40679647995889,0.6833621919743599,
NIPPLE,low,-0.23468446634898457,0.2867623807548167,-0.8082092278586179,0.33884029516064884,
NIPPLE,mid,0.03321033216058965,0.36685721713460684,-0.700504102108624,0.7669247664298033,
NOSE,high,0.31201925415184933,0.26807708428535154,-0.22413491441885375,0.8481734227225524,
NOSE,low,-0.33041239961964336,0.2764980887104851,-0.8834085770406135,0.22258377780132682,
NOSE,mid,-0.07296124221279515,0.3629831317940515,-0.7989275058008982,0.6530050213753078,
NOT,high,-0.2267822098037183,0.2587927150480741,-0.7443676398998665,0.2908032202924299,
NOT,low,0.24437081438727098,0.2876596429789614,-0.3309484715706518,0.8196901003451937,
NOT,mid,-0.07736203627302596,0.36770710199098466,-0.8127762402549953,0.6580521677089434,
NOTHING,high,-0.11771787344470322,0.2652299683898308,-0.6481778102243648,0.41274206333495844,
NOTHING,low,0.19928253684885455,0.294459637899269,-0.3896367389496834,0.7882018126473925,
NOTHING,mid,-0.14364369682481448,0.3720921193454499,-0.8878279355157143,0.6005405418660853,
NOW,high,-0.10319457994599882,0.2616051362466575,-0.6264048524393138,0.4200156925473162,
NOW,low,0.12142282208857627,0.2856970629980432,-0.44997130390751017,0.6928169480846627,
NOW,mid,-0.06908382252222334,0.3668052599838,-0.8026943424898233,0.6645266974453766,
OLD,high,-0.041774307760031444,0.2600623040540255,-0.5618989158680824,0.4783503003480195,
OLD,low,0.08183834987190934,0.28277618900768925,-0.48371402814346914,0.6473907278872878,
OLD,mid,-0.09154797312239775,0.3648110225874622,-0.8211700182973221,0.6380740720525266,
OLD (AGED),high,-0.13679731810038992,0.26284970907951816,-0.6624967362594263,0.3889021000586464,
OLD (AGED),low,0.11678048658998687,0.2885529860944529,-0.46032548559891895,0.6938864587788927,
OLD (AGED),mid,-0.02871964244196357,0.36768985957963823,-0.76409936160124,0.7066600767173129,
OLD (USED),high,0.08888350285649246,0.265079990578717,-0.4412764783009415,0.6190434840139265,
OLD (USED),low,-0.02326560909333795,0.28387867892319274,-0.5910229669397234,0.5444917487530475,
OLD (USED),mid,-0.12509257421598038,0.3674911879519419,-0.8600749501198642,0.6098898016879034,
OLD MAN,high,-0.05821138838202454,0.2642969843325292,-0.5868053570470829,0.4703825802830338,
OLD MAN,low,0.024670991409361073,0.28649054045811206,-0.5483100895068631,0.5976520723255851,
OLD MAN,mid,-0.012677363531416597,0.36634612701822333,-0.7453696175678632,0.7200148905050301,
OLD WOMAN,high,-0.07081197358424196,0.2628075047869469,-0.5964269831581358,0.4548030359896519,
OLD WOMAN,low,0.06996637768917957,0.285559955131752,-0.5011535325743244,0.6410862879526835,
OLD WOMAN,mid,-0.047477384804207386,0.3662636518429156,-0.7800046884900386,0.6850499188816238,
OLDER BROTHER (OF MAN),high,-0.010296286187756427,0.2704741725622599,-0.5512446313122763,0.5306520589367634,
OLDER BROTHER (OF MAN),low,-0.033578665317731085,0.29317079302500704,-0.6199202513677452,0.552762920732283,
OLDER BROTHER (OF MAN),mid,-0.00490062367780639,0.37039745283388636,-0.7456955293455791,0.7358942819899663,
OLDER BROTHER (OF WOMAN),high,-0.04171424931757388,0.2674760136201231,-0.57666627655782,0.49323777792267226,
OLDER BROTHER (OF WOMAN),low,0.04727190168277389,0.2931683588911914,-0.539064816099609,0.6336086194651567,
OLDER BROTHER (OF WOMAN),mid,-0.05615080261191505,0.3705348873348442,-0.7972205772816034,0.6849189720577733,
OLDER SISTER (OF MAN),high,0.024260815510462844,0.2702524229597724,-0.516244030409082,0.5647656614300077,
OLDER SISTER (OF MAN),low,-0.04294161484358277,0.29228049424596725,-0.6275026033355172,0.5416193736483518,
OLDER SISTER (OF MAN),mid,-0.032697231838876385,0.3699454159194435,-0.7725880636777634,0.7071936000000106,
OLDER SISTER (OF WOMAN),high,0.07725205179236513,0.2691276396713092,-0.46100322755025325,0.6155073311349836,
OLDER SISTER (OF WOMAN),low,-0.04240927930250924,0.29060492612018346,-0.6236191315428762,0.5388005729378577,
OLDER SISTER (OF WOMAN),mid,-0.09259222504353794,0.37091373745985606,-0.83441969996325,0.6492352498761742,
ONE,high,-0.049587039573464026,0.2676514661562684,-0.5848899718860008,0.4857158927390728,
ONE,low,-0.12417697356620265,0.2869412753885265,-0.6980595243432556,0.4497055772108503,
ONE,mid,0.12834825805296504,0.36381178314395474,-0.5992753082349445,0.8559718243408745,
OTHER,high,-0.13065414902822656,0.26097479584359484,-0.6526037407154163,0.3912954426589631,
OTHER,low,0.13579631241966383,0.2861837156019738,-0.4365711187842838,0.7081637436236115,
OTHER,mid,-0.055570250388061584,0.3662958960817627,-0.7881620425515871,0.6770215417754638,
OUTSIDE,high,-0.19101966817920682,0.2609674762429886,-0.712954620665184,0.3309152843067704,
OUTSIDE,low,0.19429140539633477,0.2884855457605414,-0.38267968612474806,0.7712624969174176,
OUTSIDE,mid,-0.057851229717577016,0.3677938770500571,-0.7934389838176913,0.6777365243825372,
PART,high,-0.07511088778659912,0.2648192924833331,-0.6047494727532653,0.454527697180067,
PART,low,0.049498314144197614,0.2887223837583352,-0.5279464533724728,0.626943081660868,
PART,mid,-0.021393124995261015,0.3672424733658342,-0.7558780717269294,0.7130918217364074,
PATH,high,-0.06383434991888814,0.26115654229214424,-0.5861474345031766,0.45847873466540034,
PATH,low,0.08691401670265847,0.284763552885859,-0.4826130890690595,0.6564411224743765,
PATH,mid,-0.0733821673887745,0.36622732793586193,-0.8058368232604983,0.6590724884829494,
PENIS,high,0.08236530624793459,0.27043847923897396,-0.45851165223001333,0.6232422647258825,
PENIS,low,-0.22950048074673682,0.2846063850218528,-0.7987132507904424,0.33971228929696884,
PENIS,mid,0.08988345443710602,0.36406411535541366,-0.6382447762737213,0.8180116851479333,
PERSON,high,-0.020669730231646897,0.26252066983693545,-0.5457110699055178,0.504371609442224,
PERSON,low,-0.0025996111803264885,0.2833198935473819,-0.5692393982750903,0.5640401759144373,
PERSON,mid,-0.023647946937331018,0.3646210763659722,-0.7528900996692753,0.7055942057946134,
PISS,high,0.22681429072328438,0.2659245939318539,-0.3050348971404234,0.7586634785869922,
PISS,low,-0.1823228506541984,0.2790920663429006,-0.7405069833399996,0.37586128203160285,
PISS,mid,-0.11828144976081162,0.365064503745778,-0.8484104572523676,0.6118475577307443,
POINTED,high,0.051746956243647335,0.2698947061671304,-0.4880424560906135,0.5915363685779081,
POINTED,low,-0.15599260311675386,0.287415635434565,-0.7308238739858839,0.4188386677523761,
POINTED,mid,0.052157933352240574,0.36691433788542294,-0.6816707424186053,0.7859866091230865,
QUIET,high,-0.034435438668825466,0.2633154994267643,-0.5610664375223541,0.4921955601847031,
QUIET,low,0.16353430070617,0.28744141900755116,-0.4113485373089323,0.7384171387212723,
QUIET,mid,-0.1947463869152105,0.36999869701500343,-0.9347437809452174,0.5452510071147963,
RAIN (PRECIPITATION),high,0.05847015883790441,0.2594290441891027,-0.46038792954030094,0.5773282472161098,
RAIN (PRECIPITATION),low,0.0412520075482341,0.27945433482922655,-0.517656662110219,0.6001606772066872,
RAIN (PRECIPITATION),mid,-0.1598247718626512,0.3645903900567429,-0.889005551976137,0.5693560082508345,
RAINING OR RAIN,high,0.027306634784642143,0.2627270518263995,-0.49814746886815686,0.5527607384374411,
RAINING OR RAIN,low,0.030599706070751458,0.283336134679166,-0.5360725632875806,0.5972719754290835,
RAINING OR RAIN,mid,-0.11293988354548368,0.36638945678838986,-0.8457187971222634,0.619839030031296,
RAW,high,0.048461230208489324,0.2657303997866852,-0.48299956936488114,0.5799220297818598,
RAW,low,-0.06851033488201844,0.2844349279447491,-0.6373801907715166,0.5003595210074798,
RAW,mid,-0.03120369711985563,0.3658470517600911,-0.7628978006400378,0.7004904064003266,
RED,high,-0.06017928935347395,0.26204006965447263,-0.5842594286624192,0.4639008499554713,
RED,low,0.030658284797524114,0.28407811181530856,-0.537497938833093,0.5988145084281412,
RED,mid,-0.0163372421574858,0.36506447532884,-0.7464661928151658,0.7137917085001942,
RIGHT,high,-0.13929693926949924,0.26054912551219994,-0.6603951902938991,0.3818013117549006,
RIGHT,low,0.12630197191625964,0.2860735490816672,-0.4458451262470748,0.698449070079594,
RIGHT,mid,-0.035881488769444796,0.3658702857307503,-0.7676220602309454,0.6958590826920559,
RIPE,high,0.12363516579586356,0.2663437044125465,-0.4090522430292295,0.6563225746209566,
RIPE,low,-0.15106007709999608,0.281946255738,-0.714952588575996,0.41283243437600387,
RIPE,mid,-0.0307549317671488,0.36422229814440066,-0.7591995280559501,0.6976896645216525,
RIVER,high,-0.03169676293271201,0.2643072132334461,-0.5603111893996042,0.49691766353418015,
RIVER,low,-0.031121408023085186,0.2849232427551316,-0.6009678935333483,0.538725077487178,
RIVER,mid,0.017557266751665215,0.3648907812278605,-0.7122242957040558,0.7473388292073863,
ROAD,high,-0.154588863269013,0.26015994920713237,-0.6749087616832777,0.36573103514525174,
ROAD,low,0.1689204719210242,0.2868216062105754,-0.4047227405001266,0.742563684342175,
ROAD,mid,-0.06721581609173755,0.36676599614804484,-0.8007478083878272,0.6663161762043521,
ROOT,high,0.01827927981364144,0.2598335154745944,-0.5013877511355473,0.5379463107628302,
ROOT,low,0.05008916420710183,0.28036952982031194,-0.510649895433522,0.6108282238477257,
ROOT,mid,-0.12347455624042321,0.36471686208937343,-0.8529082804191701,0.6059591679383236,
ROPE,high,-0.001194061471158299,0.26272959396473333,-0.526653249400625,0.5242651264583084,
ROPE,low,-0.011033289710176055,0.283156640136989,-0.577346569984154,0.555279990563802,
ROPE,mid,-0.03598213259309213,0.3644924455262246,-0.7649670236455414,0.6930027584593571,
ROTTEN,high,0.0026110095627413497,0.26717669383737963,-0.531742378112018,0.5369643972375006,
ROTTEN,low,-0.12510523376780996,0.2848718839225516,-0.6948490016129132,0.4446385340772932,
ROTTEN,mid,0.0752553390621825,0.3640648164621505,-0.6528742938621185,0.8033849719864835,
ROUGH,high,-0.10042105114718751,0.26288747456635986,-0.6261960002799072,0.4253538979855322,
ROUGH,low,0.13897406107951302,0.28758199942344126,-0.4361899377673695,0.7141380599263956,
ROUGH,mid,-0.09215610379895128,0.36809006295691377,-0.8283362297127788,0.6440240221148763,
ROUND,high,0.055864099597143925,0.2694684397012502,-0.4830727798053564,0.5948009789996442,
ROUND,low,-0.19549693074767868,0.2848936372506763,-0.7652842052490313,0.37429034375367387,
ROUND,mid,0.08627484579357335,0.3641356050792514,-0.6419963643649295,0.8145460559520762,
RUN,high,0.0390880122228312,0.2621617869449466,-0.48523556166706194,0.5634115861127243,
RUN,low,-0.01888991359100413,0.2817100192120589,-0.5823099520151219,0.5445301248331137,
RUN,mid,-0.07210640987880731,0.36426052148073784,-0.800627452840283,0.6564146330826683,
SAD,high,0.061132200264600145,0.2656544374545644,-0.47017667464452867,0.592441075173729,
SAD,low,0.02787266263410049,0.2874680748010383,-0.5470634869679761,0.6028088122361771,
SAD,mid,-0.14991564029086524,0.36958795048344234,-0.8890915412577499,0.5892602606760194,
SALT,high,0.05244430491697405,0.26118415316806837,-0.4699240014191627,0.5748126112531108,
SALT,low,-0.009087945308740955,0.28030809731039896,-0.5697041399295388,0.551528249312057,
SALT,mid,-0.09752228607569342,0.3643492452334715,-0.8262207765426365,0.6311762043912496,
SALTY,high,-0.141477393535453,0.2604052133511964,-0.6622878202378457,0.3793330331669398,
SALTY,low,0.18393793991087096,0.2866326674854781,-0.3893273950600853,0.7572032748818271,
SALTY,mid,-0.09826571046393814,0.3671491870416868,-0.8325640845473118,0.6360326636194354,
SAME,high,-0.07050495234782905,0.2692226718776615,-0.6089502961031521,0.467940391407494,
SAME,low,0.008887428242267502,0.2947152734791646,-0.5805431187160617,0.5983179752005967,
SAME,mid,0.015290510298573845,0.3700116414952067,-0.7247327726918396,0.7553137932889873,
SAND,high,-0.0722333657286657,0.2630040462488034,-0.5982414582262725,0.45377472676894115,
SAND,low,0.005472980195771406,0.2851502814248417,-0.5648275826539121,0.5757735430454548,
SAND,mid,0.02278216594498248,0.36453735035266327,-0.706292534760344,0.751856866650309,
SAY,high,-0.12206311108400446,0.26211343189742614,-0.6462899748788568,0.4021637527108478,
SAY,low,0.057616473630682855,0.28632143485640793,-0.515026396082133,0.6302593433434988,
SAY,mid,0.020034688713330723,0.36532007876790956,-0.7106054688224884,0.7506748462491498,
SCARED,high,0.10968392660910328,0.273111895203715,-0.43653986379832665,0.6559077170165333,
SCARED,low,-0.16583827795401032,0.29200143893259484,-0.7498411558192,0.4181645999111794,
SCARED,mid,-0.0027799824732712745,0.37036266942841023,-0.7435053213300917,0.7379453563835492,
SEA,high,-0.13593956040635924,0.2582960267762837,-0.6525316139589267,0.3806524931462082,
SEA,low,0.1966659519270898,0.2840012215290149,-0.37133649113094,0.7646683949851196,
SEA,mid,-0.11836090969382991,0.36644292560155195,-0.8512467608969339,0.614524941509274,
SEE,high,-0.12957153136974442,0.2662648203037555,-0.6621011719772554,0.40295810923776654,
SEE,low,-0.05299319829516478,0.2890955537017803,-0.6311843056987254,0.5251979091083958,
SEE,mid,0.1397539669964974,0.3643466812837268,-0.5889393955709563,0.868447329563951,
SEED,high,0.11735436967440574,0.26809362094861483,-0.41883287222282395,0.6535416115716354,
SEED,low,-0.21249450766428366,0.2826077255355901,-0.7777099587354639,0.3527209434068965,
SEED,mid,0.03626183131372161,0.3638519623562989,-0.6914420933988762,0.7639657560263194,
SEMEN,high,-0.02080429640245971,0.2736611325339085,-0.5681265614702767,0.5265179686653573,
SEMEN,low,-0.01539401309132481,0.3025795102446454,-0.6205530335806156,0.589765007397966,
SEMEN,mid,-0.014372664226354212,0.37563028375717517,-0.7656332317407045,0.7368879032879961,
SEVEN,high,0.20250253884047234,0.26675241170287484,-0.33100228456527736,0.736007362246222,
SEVEN,low,-0.2155221033479196,0.27945296464755653,-0.7744280326430326,0.34338382594719347,
SEVEN,mid,-0.056411844210771216,0.3643664009474285,-0.7851446461056282,0.6723209576840858,
SHADE,high,0.06769927418653825,0.2640138347627903,-0.4603283953390423,0.5957269437121188,
SHADE,low,-0.0680296150540863,0.28204172989879966,-0.6321130748516857,0.496053844743513,
SHADE,mid,-0.05265865493002121,0.3649385245103322,-0.7825357039506856,0.6772183940906432,
SHALLOW,high,-0.1194949307929531,0.26449011849988907,-0.6484751677927313,0.40948530620682505,
SHALLOW,low,0.09167573002422057,0.29058356344143865,-0.4894913968586567,0.6728428569070979,
SHALLOW,mid,-0.020108953149305938,0.369134073336172,-0.7583770998216499,0.718159193523038,
SHARP,high,-0.1370668218896794,0.26032809852537303,-0.6577230189404255,0.38358937516106667,
SHARP,low,0.12452516692045956,0.28566376745760974,-0.4468023679947599,0.695852701835679,
SHARP,mid,-0.03618670277458464,0.3656712945035059,-0.7675292917815965,0.6951558862324271,
SHIT (DEFECATE),high,-0.038593221807185725,0.2654788984237358,-0.5695510186546573,0.49236457504028586,
SHIT (DEFECATE),low,-0.01063747503834726,0.2865022952397331,-0.5836420655178134,0.562367115441119,
SHIT (DEFECATE),mid,0.0033281054543976367,0.3661388216196077,-0.7289495377848177,0.7356057486936131,
SHORT,high,0.1178838556983408,0.26874045908649125,-0.4195970624746417,0.6553647738713233,
SHORT,low,-0.2294429345350008,0.28249996463137245,-0.7944428637977456,0.3355569947277441,
SHORT,mid,0.05176652231300814,0.36370685280976717,-0.6756471833065262,0.7791802279325425,
SIT,high,0.030971259198795044,0.2654519243095528,-0.4999325894203105,0.5618751078179006,
SIT,low,-0.10630988319050638,0.28371948140100844,-0.6737488459925233,0.4611290796115105,
SIT,mid,0.026633053954420578,0.3642296803368592,-0.7018263067192978,0.755092414628139,
SIX,high,0.017460189961175196,0.26792400062122296,-0.5183878112812708,0.5533081912036211,
SIX,low,-0.14691437426925041,0.2852547449160001,-0.7174238641012507,0.4235951155627498,
SIX,mid,0.08059770711998464,0.3644460113924701,-0.6482943156649557,0.8094897299049248,
SKIN,high,0.047469513573791255,0.2634586042278208,-0.47944769488185035,0.5743867220294329,
SKIN,low,-0.07191474043126095,0.2816530992412277,-0.6352209389137164,0.4913914580511945,
SKIN,mid,-0.025872575624004645,0.36387993809849023,-0.7536324518209851,0.7018873005729758,
SKY,high,-0.06606443252688812,0.25954296290426826,-0.5851503583354246,0.4530214932816484,
SKY,low,0.10661460370200691,0.2829089300026144,-0.4592032563032219,0.6724324637072358,
SKY,mid,-0.0922820217161133,0.364768793069447,-0.8218196078550073,0.6372555644227806,
SLEEP,high,0.08676097839753012,0.2667267297783902,-0.44669248115925025,0.6202144379543105,
SLEEP,low,-0.16739895056774728,0.28195176799423705,-0.7313024865562214,0.3965045854207268,
SLEEP,mid,0.026481138717349896,0.3633222487698109,-0.7001633588222719,0.7531256362569717,
SLOW,high,-0.14544598208075998,0.2658111196686453,-0.6770682214180506,0.3861762572565306,
SLOW,low,0.019562369974034374,0.2902656330802731,-0.5609688961865118,0.6000936361345806,
SLOW,mid,0.08261763958439795,0.3667082732960431,-0.6507989070076883,0.8160341861764842,
SMALL,high,0.14588458654483244,0.26693202946205863,-0.3879794723792848,0.6797486454689496,
SMALL,low,-0.2128825116355385,0.2804628227056973,-0.7738081570469331,0.34804313377585605,
SMALL,mid,0.005338059923425412,0.3635760915766662,-0.721814123229907,0.7324902430767578,
SMELL,high,0.10413338026229252,0.2664076855203596,-0.42868199077842667,0.6369487513030117,
SMELL,low,-0.09602194156938959,0.2840911871930695,-0.6642043159555286,0.47216043281674946,
SMELL,mid,-0.06526562449778381,0.36617760922924014,-0.7976208429562641,0.6670895939606964,
SMOKE (EXHAUST),high,0.3321326655180823,0.2647614646234604,-0.1973902637288385,0.8616555947650031,
SMOKE (EXHAUST),low,-0.26986389997148325,0.2747479353275072,-0.8193597706264977,0.27963197068353113,
SMOKE (EXHAUST),mid,-0.15582981777185817,0.3631233639239176,-0.8820765456196933,0.5704169100759771,
SMOOTH,high,0.06447280819467642,0.2636908149691279,-0.46290882174357934,0.5918544381329321,
SMOOTH,low,-0.050357742690703505,0.28228566652801784,-0.6149290757467392,0.5142135903653322,
SMOOTH,mid,-0.06760040978108758,0.36522624143739996,-0.7980528926558875,0.6628520730937123,
SNEEZE,high,0.1478579063736278,0.25952094237410744,-0.37118397837458705,0.6668997911218427,
SNEEZE,low,0.04839097839827693,0.27801607149568486,-0.5076411645930928,0.6044231213896466,
SNEEZE,mid,-0.27634141428044673,0.3657509044900839,-1.0078432232606145,0.4551603946997211,
SNORE,high,-0.16472418789120383,0.2652281879494684,-0.6951805637901406,0.365732188007733,
SNORE,low,0.06838985610142125,0.2906232738144805,-0.5128566915275398,0.6496364037303822,
SNORE,mid,0.051474445416304755,0.3672353127310492,-0.6829961800457937,0.7859450708784032,
SOFT,high,-0.008708663864763749,0.26459997651420775,-0.5379086168931793,0.5204912891636517,
SOFT,low,-0.028763006875440287,0.28503488187819437,-0.598832770631829,0.5413067568809484,
SOFT,mid,-0.009653514948585129,0.36519399205191494,-0.740041499052415,0.7207344691552448,
SOME,high,-0.05566068946466412,0.26317284325151225,-0.5820063759676886,0.47068499703836036,
SOME,low,0.07942121757547145,0.28611028643557845,-0.49279935529568547,0.6516417904466284,
SOME,mid,-0.07445395182399571,0.3668910769633454,-0.8082361057506865,0.659328202102695,
SOUR,high,0.12813660742141358,0.2636443606337991,-0.3991521138461846,0.6554253286890117,
SOUR,low,-0.0813387076068603,0.2806493294332297,-0.6426373664733196,0.47995995125959906,
SOUR,mid,-0.10758058541931535,0.365378489530604,-0.8383375644805233,0.6231763936418926,
SPIT,high,0.20165902381356768,0.26380488146305153,-0.32595073911253536,0.7292687867396708,
SPIT,low,-0.16108711761928993,0.27826409451320105,-0.7176153066456921,0.39544107140711215,
SPIT,mid,-0.10991471193673374,0.36382328814301096,-0.8375612882227557,0.6177318643492882,
STAND,high,0.08338091202532706,0.2625535568534302,-0.4417262016815333,0.6084880257321874,
STAND,low,-0.07027825902245115,0.2803414816342415,-0.6309612222909341,0.49040470424603183,
STAND,mid,-0.06753706355789153,0.3637003581191726,-0.7949377797962368,0.6598636526804537,
STAR,high,0.12066658384274247,0.2668232111336337,-0.41297983842452496,0.6543130061100099,
STAR,low,-0.18641598927550065,0.28127484327230745,-0.7489656758201155,0.3761336972691143,
STAR,mid,0.007668837532922203,0.3635867136210524,-0.7195045897091825,0.734842264775027,
STONE,high,-0.019261724851957377,0.2612204012641466,-0.5417025273802506,0.5031790776763357,
STONE,low,0.025633489356486096,0.2822555228966182,-0.5388775564367503,0.5901445351497225,
STONE,mid,-0.05498735893001129,0.36431682810534916,-0.7836210151407096,0.673646297280687,
STONE OR ROCK,high,-0.12227510812669624,0.2632366519352248,-0.6487484119971458,0.4041981957437533,
STONE OR ROCK,low,0.1383502588824126,0.2886854038341699,-0.4390205487859272,0.7157210665507524,
STONE OR ROCK,mid,-0.06800024728115286,0.3680899902659242,-0.8041802278130012,0.6681797332506956,
STRAIGHT,high,0.032389203528213915,0.26919090230227205,-0.5059926010763302,0.570771008132758,
STRAIGHT,low,-0.16535566671158852,0.28515746486385424,-0.735670596439297,0.40495926301611995,
STRAIGHT,mid,0.08251098744178939,0.36412448652429363,-0.6457379856067978,0.8107599604903767,
STRIKE OR BEAT,high,-0.07109718923287146,0.2629896391381764,-0.5970764675092243,0.4548820890434814,
STRIKE OR BEAT,low,0.07671621186221397,0.2869021410956665,-0.49708807032911895,0.650520494053547,
STRIKE OR BEAT,mid,-0.05480820382054623,0.36738700139038527,-0.7895822066013167,0.6799657989602244,
STRONG,high,-0.14586958346828033,0.2631408897150936,-0.6721513628984674,0.38041219596190684,
STRONG,low,0.14195514390340355,0.2894902648378062,-0.43702538577220884,0.720935673579016,
STRONG,mid,-0.04702825443447729,0.3682142976004022,-0.7834568496352817,0.6894003407663271,
SUCK,high,0.2805354423851943,0.2713235241017575,-0.26211160581832066,0.8231824905887093,
SUCK,low,-0.37817222177790805,0.2790574458766423,-0.9362871135311925,0.1799426699753765,
SUCK,mid,0.007066058951293026,0.3638669310639938,-0.7206678031766947,0.7347999210792806,
SUN,high,0.0641618011652639,0.2620208445710373,-0.4598798879768107,0.5882034903073385,
SUN,low,-0.02893614043993915,0.28047297861674103,-0.5898820976734213,0.5320098167935429,
SUN,mid,-0.08954686082085754,0.36424298804396643,-0.8180328369087904,0.6389391152670754,
SWEAT (SUBSTANCE),high,0.08979994769764546,0.2700177230703556,-0.45023549844306576,0.6298353938383566,
SWEAT (SUBSTANCE),low,-0.1547512889051549,0.2865231815291545,-0.7277976519634639,0.41829507415315414,
SWEAT (SUBSTANCE),mid,0.009683157324292826,0.36605218704059944,-0.7224212167569061,0.7417875314054917,
SWEET,high,0.08010752712635091,0.26451608308473423,-0.4489246390431175,0.6091396932958194,
SWEET,low,-0.0863439292427273,0.28173283862608445,-0.6498096064948962,0.4771217480094416,
SWEET,mid,-0.04751388102353337,0.36438330022925286,-0.7762804814820391,0.6812527194349723,
SWIM,high,-0.002728345187564606,0.26219947015732026,-0.5271272855022051,0.5216705951270759,
SWIM,low,0.010425876821998203,0.2824414818683115,-0.5544570869146247,0.5753088405586212,
SWIM,mid,-0.05703102782164465,0.3648706197191489,-0.7867722672599424,0.6727102116166532,
TAIL,high,0.22980045278288122,0.26609848271243003,-0.30239651264197887,0.7619974182077413,
TAIL,low,-0.23855091187645083,0.2781233109817252,-0.7947975338399013,0.3176957100869996,
TAIL,mid,-0.06509454634244546,0.36340170765326335,-0.7918979616489722,0.6617088689640812,
TAKE,high,-0.11289973256386926,0.26101579967031063,-0.6349313319044905,0.409131866776752,
TAKE,low,0.11582665673181146,0.28582211106958366,-0.45581756540735585,0.6874708788709788,
TAKE,mid,-0.05233829525375189,0.36611360014813377,-0.7845654955500194,0.6798889050425156,
TASTE,high,-0.19799126233026387,0.263856929324597,-0.7257051209794578,0.3297225963189301,
TASTE,low,0.20134563811877662,0.2945542398557643,-0.387762841592752,0.7904541178303052,
TASTE,mid,-0.05978732485503331,0.3712820857141536,-0.8023514962833406,0.6827768465732739,
TEN,high,0.21629385938760468,0.26587257671720005,-0.3154512940467954,0.7480390128220048,
TEN,low,-0.21219474387244458,0.27869811141449413,-0.7695909667014329,0.3452014789565437,
TEN,mid,-0.0754560139021288,0.3634785165587971,-0.802413047019723,0.6515010192154653,
TESTICLES,high,0.02272846071328765,0.2692217610393144,-0.5157150613653412,0.5611719827919164,
TESTICLES,low,-0.12898860022323613,0.2871628222229087,-0.7033142446690535,0.44533704422258125,
TESTICLES,mid,0.05706923100440819,0.36603649967391394,-0.6750037683434197,0.7891422303522361,
THAT,high,-0.15632715315518908,0.2643940711509477,-0.6851152954570845,0.37246098914670633,
THAT,low,0.021860988601292212,0.28863490563912686,-0.5554088226769615,0.599130799879546,
THAT,mid,0.09166000047831,0.36508329861492655,-0.6385065967515431,0.8218265977081631,
THEN,high,-0.14929050008324427,0.266684624103671,-0.6826597482905863,0.3840787481240977,
THEN,low,0.08622869009272238,0.29310004980441423,-0.4999714095161061,0.6724287897015508,
THEN,mid,0.016251921344355078,0.3694643339953595,-0.7226767466463639,0.755180589335074,
THERE,high,-0.2228143340996636,0.26191121594513966,-0.7466367659899429,0.3010080977906157,
THERE,low,0.15113796373120275,0.29030828857010815,-0.42947861340901355,0.731754540871419,
THERE,mid,0.022088171425326715,0.36707482358902677,-0.7120614757527268,0.7562378186033802,
THEY,high,-0.06369212257170853,0.264386067468544,-0.5924642575087965,0.46508001236537944,
THEY,low,-0.022056301851925447,0.2857717097525152,-0.5935997213569558,0.549487117653105,
THEY,mid,0.04198181294084751,0.36484753739260223,-0.687713261844357,0.7716768877260519,
THICK,high,0.042196412477833095,0.263102772728714,-0.4840091329795949,0.5684019579352612,
THICK,low,-0.03890445808510134,0.2818695175180102,-0.6026434931211218,0.5248345769509191,
THICK,mid,-0.05448840566125258,0.3645723513284118,-0.7836331083180762,0.6746562969955711,
THIN,high,0.004954117880975729,0.2617070910316782,-0.5184600641823807,0.5283682999443322,
THIN,low,0.023412925588075163,0.2823189129495465,-0.5412249003110178,0.5880507514871681,
THIN,mid,-0.079489354043651,0.3647518308570068,-0.8089930157576646,0.6500143076703626,
THINK,high,-0.009941247408067224,0.2621139336441935,-0.5341691146964542,0.5142866198803198,
THINK,low,0.023776039167353505,0.2831799496183583,-0.5425838600693631,0.5901359384040701,
THINK,mid,-0.06351376253019392,0.36517236386762847,-0.7938584902654509,0.666830965205063,
THIS,high,0.06192164578072509,0.26956038688863576,-0.4771991279965464,0.6010424195579966,
THIS,low,-0.22134159739061374,0.28482136087084803,-0.7909843191323098,0.3483011243510823,
THIS,mid,0.10411735084292713,0.3639005085581996,-0.623683666273472,0.8319183679593264,
THOU,high,0.02968708465257859,0.26998697903592295,-0.5102868734192673,0.5696610427244245,
THOU,low,-0.2126088166207227,0.2855362682032663,-0.7836813530272553,0.3584637197858098,
THOU,mid,0.12986424945026503,0.3637218823002904,-0.5975795151503158,0.8573080140508458,
THREE,high,0.09361940149670414,0.2656099044790151,-0.4376004074613261,0.6248392104547343,
THREE,low,-0.1509960878128743,0.28134714869773725,-0.7136903852083488,0.41169820958260017,
THREE,mid,0.002913199112161315,0.36356393716493274,-0.7242146752177041,0.7300410734420268,
THROAT,high,-0.05819181353843321,0.2697770410691089,-0.5977458956766509,0.48136226859978454,
THROAT,low,-0.15018852253352144,0.2886009366265326,-0.7273903957865866,0.4270133507195437,
THROAT,mid,0.16140507951294344,0.3647065592113834,-0.5680080389098233,0.8908181979357103,
THUNDER,high,0.1246598527533451,0.26267931861963284,-0.40069878448592056,0.6500184899926108,
THUNDER,low,-0.08614465579547428,0.2795557222724387,-0.6452561003403516,0.4729667887494031,
THUNDER,mid,-0.09813664088788655,0.36419465876636725,-0.826525958420621,0.630252676644848,
TIE,high,0.00813284894196641,0.260862466962396,-0.5135920849828256,0.5298577828667584,
TIE,low,0.05090123280878183,0.2815472641758453,-0.5121932955429088,0.6139957611604724,
TIE,mid,-0.11308353144994254,0.36495383782338675,-0.842991207096716,0.616824144196831,
TOE,high,0.054125322317008874,0.26678726567039357,-0.47944920902377824,0.587699853657796,
TOE,low,-0.11575340100406468,0.2842434321825042,-0.6842402653690731,0.4527334633609437,
TOE,mid,0.010679236060103013,0.3649588702993153,-0.7192385045385276,0.7405969766587336,
TONGUE,high,-0.10833832725329903,0.26602783491049936,-0.6403939970742978,0.42371734256769966,
TONGUE,low,-0.05216377544961625,0.2880632387588898,-0.6282902529673958,0.5239627020681633,
TONGUE,mid,0.11779503839630306,0.36440914502206523,-0.6110232516478273,0.8466133284404336,
TOOTH,high,0.13960905022511402,0.2687112318896824,-0.3978134135542507,0.6770315140044788,
TOOTH,low,-0.2469310900137556,0.2815160400132483,-0.8099631700402522,0.31610099001274106,
TOOTH,mid,0.04457201961442476,0.36328556786478183,-0.6819991161151389,0.7711431553439885,
TOUCH,high,-0.14735110454128017,0.2648781758233138,-0.6771074561879078,0.3824052471053474,
TOUCH,low,0.06647069040288002,0.2892485514247497,-0.5120264124466194,0.6449677932523794,
TOUCH,mid,0.036053438716247256,0.36665034220991377,-0.6972472457035803,0.7693541231360748,
TREE,high,0.11854616733164589,0.26390943374369735,-0.4092727001557488,0.6463650348190406,
TREE,low,-0.11993548836784987,0.28000442236797923,-0.6799443331038083,0.4400733563681086,
TREE,mid,-0.056086119425297745,0.36377160156912763,-0.783629322563553,0.6714570837129575,
TURN,high,0.2344649600541391,0.2682759823154533,-0.3020870045767675,0.7710169246850457,
TURN,low,-0.24556542804948053,0.28018813215187593,-0.8059416923532324,0.3148108362542713,
TURN,mid,-0.06418604314789651,0.3647175860407393,-0.7936212152293751,0.665249128933582,
TWELVE,high,0.038803685435136216,0.2674684691650289,-0.4961332528949216,0.5737406237651941,
TWELVE,low,-0.10960226006067872,0.28540831992521143,-0.6804188999111016,0.4612143797897441,
TWELVE,mid,0.021019972246467417,0.3651462406451039,-0.7092725090437404,0.7513124535366753,
TWENTY,high,0.13699018604826965,0.26477665568818937,-0.3925631253281091,0.6665434974246484,
TWENTY,low,-0.12504261688262666,0.280704890322081,-0.6864523975267887,0.4363671637615354,
TWENTY,mid,-0.07215025258984087,0.36443745051432813,-0.8010251536184971,0.6567246484388154,
TWO,high,0.13495702165398285,0.2631452329808435,-0.3913334443077042,0.6612474876156699,
TWO,low,-0.11018385649726299,0.27889647455436717,-0.6679768056059974,0.44760909261147136,
TWO,mid,-0.08476072771587415,0.3636922811362956,-0.8121452899884654,0.642623834556717,
UGLY,high,-0.02215287770116972,0.26337541830641503,-0.5489037143139998,0.5045979589116604,
UGLY,low,0.03961996565196798,0.2851144381871831,-0.5306089107223981,0.6098488420263342,
UGLY,mid,-0.06762774275580882,0.3663466293397319,-0.8003210014352726,0.6650655159236549,
UPPER ARM,high,-0.12491870546818623,0.26542778785695326,-0.6557742811820928,0.4059368702457203,
UPPER ARM,low,0.11104445623690282,0.2923321819485105,-0.4736199076601182,0.6957088201339239,
UPPER ARM,mid,-0.03586019242585366,0.37016521380776785,-0.7761906200413894,0.704470235189682,
UPPER LEG (THIGH),high,-0.038567668427023256,0.26294346352488435,-0.564454595476792,0.48731925862274544,
UPPER LEG (THIGH),low,0.021735103555666463,0.284579791430762,-0.5474244793058576,0.5908946864171905,
UPPER LEG (THIGH),mid,-0.030291372417991045,0.36545732628650596,-0.761206024991003,0.7006232801550208,
VOMIT,high,-0.0020962672635298904,0.2620745933515734,-0.5262454539666767,0.522052919439617,
VOMIT,low,0.0025962336003559775,0.28238756145058375,-0.5621788893008115,0.5673713565015235,
VOMIT,mid,-0.04930559265415916,0.36449873944050476,-0.7783030715351686,0.6796918862268504,
VULVA,high,0.08169168101781016,0.26992976159698917,-0.4581678421761682,0.6215512042117886,
VULVA,low,-0.15831256323065324,0.28705300635044295,-0.7324185759315391,0.41579344947023267,
VULVA,mid,0.021900163750499777,0.36712207772675576,-0.7123439917030118,0.7561443192040113,
WALK,high,-0.2309258134160162,0.26021779583943583,-0.7513614050948878,0.28950977826285546,
WALK,low,0.1673078432127327,0.28864100935725856,-0.4099741755017844,0.7445898619272499,
WALK,mid,0.013053218438954425,0.36590518828927604,-0.7187571581395976,0.7448635950175065,
WANT,high,-0.13346460714546765,0.2612797678959767,-0.656024142937421,0.3890949286464857,
WANT,low,0.13417232794768066,0.28675348930532263,-0.4393346506629646,0.7076793065583259,
WANT,mid,-0.05097692400137326,0.3670784161219356,-0.7851337562452444,0.683179908242498,
WATER,high,0.07756561596068057,0.260808297683869,-0.4440509794070574,0.5991822113284185,
WATER,low,-0.019201855271369854,0.2794415227717776,-0.578084900814925,0.5396811902721853,
WATER,mid,-0.11512501140577817,0.36376144069889366,-0.8426478928035654,0.6123978699920092,
WE,high,0.11351949762851178,0.26289631163380284,-0.4122731256390939,0.6393121208961174,
WE,low,-0.07027208763263766,0.2800732093947131,-0.6304185064220639,0.4898743311567885,
WE,mid,-0.10214991805669091,0.3645700651180884,-0.8312900482928678,0.6269902121794859,
WE (EXCLUSIVE),high,-0.0019156658262754448,0.26554745576402344,-0.5330105773543223,0.5291792457017714,
WE (EXCLUSIVE),low,-0.03930492406146567,0.2854298723699021,-0.6101646688012698,0.5315548206783385,
WE (EXCLUSIVE),mid,-0.006230143166495372,0.3655034550993128,-0.737237053365121,0.7247767670321302,
WE (INCLUSIVE),high,0.030360567684370125,0.2641096253395773,-0.49785868299478453,0.5585798183635248,
WE (INCLUSIVE),low,-0.038058940044695184,0.2836520297297066,-0.6053629995041084,0.529245119414718,
WE (INCLUSIVE),mid,-0.0425498980757908,0.3651097393539973,-0.7727693767837854,0.6876695806322038,
WEAK,high,-0.12653685150307756,0.2636025092639605,-0.6537418700309986,0.4006681670248434,
WEAK,low,0.07774176368807198,0.28870517176721566,-0.4996685798463594,0.6551521072225033,
WEAK,mid,0.0027449153640154815,0.3669639250608064,-0.7311829347575973,0.7366727654856282,
WET,high,0.012401196704644138,0.2638845515095171,-0.5153679063143901,0.5401702997236784,
WET,low,-0.05645190921147058,0.2830183329848559,-0.6224885751811824,0.5095847567582412,
WET,mid,-0.003545261332298788,0.3640711541036209,-0.7316875695395406,0.724597046874943,
WHAT,high,-0.20913099217681863,0.26036998804960043,-0.7298709682760195,0.31160898392238223,
WHAT,low,0.15635779572118852,0.2878261707619486,-0.4192945458027087,0.7320101372450858,
WHAT,mid,0.0031378337821642444,0.36582075165481814,-0.728503669527472,0.7347793370918005,
WHEN,high,-0.1762675827153014,0.25900378195379314,-0.6942751466228877,0.3417399811922849,
WHEN,low,0.18903522887476112,0.28614778853204315,-0.3832603481893252,0.7613308059388474,
WHEN,mid,-0.06680672331510203,0.36637187755014733,-0.7995504784153967,0.6659370317851926,
WHERE,high,-0.2391277855877365,0.25966202934528576,-0.758451844278308,0.280196273102835,
WHERE,low,0.19016137160821922,0.2883810384371413,-0.3866007052660634,0.7669234484825018,
WHERE,mid,-0.0037419403192774045,0.36615146814719896,-0.7360448766136753,0.7285609959751205,
WHITE,high,-0.06580184596241956,0.26404717640836856,-0.5938961987791567,0.46229250685431755,
WHITE,low,-0.025011736390937903,0.28558164959555704,-0.596175035582052,0.5461515628001762,
WHITE,mid,0.047328328736766456,0.3642900435026614,-0.6812517582685564,0.7759084157420892,
WHO,high,-0.01401500828311299,0.26235786821304397,-0.5387307447092009,0.510700728142975,
WHO,low,-6.198656044431222e-4,0.2827250405260165,-0.5660699466564761,0.5648302154475898,
WHO,mid,-0.03290584137985792,0.3645783646745806,-0.7620625707290192,0.6962508879693032,
WHY,high,-0.15813788281421198,0.2640493088747741,-0.6862365005637603,0.36996073493533627,
WHY,low,0.10270444754893152,0.2901711102754854,-0.47763777300203936,0.6830466680999023,
WHY,mid,0.008467295121388626,0.3673746209983531,-0.7262819468753176,0.7432165371180949,
WIDE,high,-0.25400655761721924,0.259620037435973,-0.7732466324891653,0.26523351725472677,
WIDE,low,0.24127920451527646,0.2890648295306747,-0.33685045454607293,0.8194088635766259,
WIDE,mid,-0.04609341725821613,0.3674689599975803,-0.7810313372533767,0.6888445027369444,
WIND,high,0.06721978407923819,0.26376163492677857,-0.46030348577431895,0.5947430539327954,
WIND,low,-0.07955145684812255,0.28137901709059043,-0.6423094910293035,0.48320657733305833,
WIND,mid,-0.03993960394625175,0.36390474295546926,-0.7677490898571903,0.6878698819646868,
WING,high,-0.23232752096189122,0.25698033022981065,-0.7462881814215125,0.28163313949773006,
WING,low,0.2813654214976053,0.28556555770435404,-0.2897656939111028,0.8524965369063133,
WING,mid,-0.1139736970840024,0.3664688397584884,-0.8469113766009791,0.6189639824329743,
WOMAN,high,-0.05811673394984496,0.2614177916901933,-0.5809523173302316,0.46471884943054165,
WOMAN,low,0.046589167616254645,0.28367261068112953,-0.5207560537460044,0.6139343889785137,
WOMAN,mid,-0.035401177819118855,0.3645903171203681,-0.7645818120598551,0.6937794564216173,
WOOD,high,0.013533117129694062,0.2643095817186573,-0.5150860463076206,0.5421522805670087,
WOOD,low,-0.02569267937939084,0.28375787904760186,-0.5932084374745945,0.5418230787158129,
WOOD,mid,-0.03696764345694064,0.3650822080562473,-0.7671320595694352,0.693196772655554,
WORD,high,-0.012021071117451525,0.26708673632542596,-0.5461945437683035,0.5221524015334004,
WORD,low,-0.07028202292899417,0.2862605964187938,-0.6428032157665818,0.5022391699085934,
WORD,mid,0.036065431384859646,0.3654134862720152,-0.6947615411591708,0.76689240392889,
WRONG,high,-0.11594614457916408,0.2635468029890046,-0.6430397505571733,0.41114746139884517,
WRONG,low,0.11409358907303083,0.28951919045076935,-0.4649447918285079,0.6931319699745695,
WRONG,mid,-0.04795970806380005,0.36778705645348764,-0.7835338209707753,0.6876144048431753,
YAWN,high,-0.36710727836043455,0.25417586651910234,-0.8754590113986392,0.14124445467777014,
YAWN,low,0.5334684228104207,0.2857710725746798,-0.03807372233893891,1.1050105679597804,
YAWN,mid,-0.283824255709592,0.36979773712203023,-1.0234197299536525,0.45577121853446845,
YEAR,high,-0.06986465052467783,0.25896764089956953,-0.5877999323238169,0.44807063127446123,
YEAR,low,0.1332486555929423,0.28279498949569487,-0.43234132339844744,0.698838634584332,
YEAR,mid,-0.11810953233715203,0.36540566360996846,-0.848920859557089,0.6127017948827849,
YELLOW,high,-0.1601165704000021,0.26197343135298734,-0.6840634331059767,0.3638302923059726,
YELLOW,low,0.08236508054976699,0.2876316724317091,-0.49289826431365125,0.6576284254131852,
YELLOW,mid,0.03282135462588274,0.36559996925133603,-0.6983785838767893,0.7640212931285548,
YESTERDAY,high,0.021271528094316882,0.2662516338412106,-0.5112317395881043,0.553774795776738,
YESTERDAY,low,-0.11096387475366416,0.2841725673196008,-0.6793090093928658,0.4573812598855374,
YESTERDAY,mid,0.04163015253757334,0.3639863978917774,-0.6863426432459815,0.7696029483211281,
YOU,high,0.15588556361917583,0.26591143587247573,-0.37593730812577564,0.6877084353641273,
YOU,low,-0.17987080605160402,0.27951490992846556,-0.7389006259085351,0.3791590138053271,
YOU,mid,-0.0380938489504996,0.3634775559990988,-0.7650489609486972,0.688861263047698,
YOUNG,high,-0.07442949595989641,0.26408178587554176,-0.60259306771098,0.45373407579118713,
YOUNG,low,0.02867211973744076,0.28620053168376197,-0.5437289436300832,0.6010731831049647,
YOUNG,mid,5.096814405001289e-4,0.3654981633310106,-0.7304866452215211,0.7315060081025213,
YOUNGER BROTHER (OF MAN),high,-0.02295441670525801,0.26785219023791496,-0.5586587971810879,0.5127499637705719,
YOUNGER BROTHER (OF MAN),low,0.05705185602609636,0.2916055307185439,-0.5261592054109914,0.6402629174631842,
YOUNGER BROTHER (OF MAN),mid,-0.08740329016220054,0.37116426118188367,-0.8297318125259678,0.6549252322015668,
YOUNGER BROTHER (OF WOMAN),high,-0.05141214922252886,0.26518306937077213,-0.5817782879640732,0.4789539895190154,
YOUNGER BROTHER (OF WOMAN),low,0.09065317039473798,0.2904529128766914,-0.4902526553586448,0.6715589961481208,
YOUNGER BROTHER (OF WOMAN),mid,-0.09246803385996091,0.3695820520649464,-0.8316321379898537,0.6466960702699318,
YOUNGER SISTER (OF MAN),high,-0.020914498249291813,0.26800802577783883,-0.5569305498049695,0.5151015533063859,
YOUNGER SISTER (OF MAN),low,0.023485700018381905,0.29080631232796406,-0.5581269246375462,0.60509832467431,
YOUNGER SISTER (OF MAN),mid,-0.052925802809454255,0.3695369300129078,-0.7919996628352699,0.6861480572163614,
YOUNGER SISTER (OF WOMAN),high,0.014399084171975796,0.2675119285898059,-0.520624773007636,0.5494229413515875,
YOUNGER SISTER (OF WOMAN),low,0.06997373621504133,0.2905894593720391,-0.5112051825290369,0.6511526549591196,
YOUNGER SISTER (OF WOMAN),mid,-0.14377758250833808,0.3707363139972978,-0.8852502105029336,0.5976950454862575,
