word,category,mean,sd,lwr,upr,word_dim
1PLE,high,0.06694317371528584,0.09506590356603692,-0.123188633416788,0.2570749808473597,
1PLE,low,-0.11178447663368818,0.11837343151592161,-0.3485313396655314,0.12496238639815505,
1PLE,mid,0.03848077190091805,0.17320864311466472,-0.3079365143284114,0.38489805813024747,
1PLI,high,0.059007615668785325,0.09612291173787173,-0.13323820780695814,0.2512534391445288,
1PLI,low,-0.10544383709930454,0.118453926480849,-0.3423516900610025,0.13146401586239348,
1PLI,mid,0.04018606907558339,0.17453236395927507,-0.3088786588429667,0.38925079699413356,
1SG,high,-0.014989085369417275,0.09143856089993653,-0.19786620716929035,0.16788803643045577,
1SG,low,0.03559132755968183,0.11983169015444735,-0.20407205274921286,0.27525470786857653,
1SG,mid,-0.032922214482387774,0.17500862806630882,-0.38293947061500544,0.31709504165022984,
2PL,high,0.08660311545113233,0.09567149621936677,-0.1047398769876012,0.27794610788986585,
2PL,low,-0.1321751645155273,0.11894895830869072,-0.3700730811329087,0.10572275210185414,
2PL,mid,0.038558602706450534,0.17390686012766068,-0.3092551175488708,0.38637232296177193,
2SG,high,0.08041679002465815,0.0948288606045024,-0.10924093118434663,0.27007451123366294,
2SG,low,-0.10777849603354567,0.11789502828470441,-0.3435685526029545,0.12801156053586316,
2SG,mid,0.01989995516188478,0.17481578744653734,-0.3297316197311899,0.3695315300549594,
3PL,high,0.04912118235757925,0.09506650774790575,-0.14101183313823223,0.23925419785339075,
3PL,low,-0.10508337835142302,0.12042064453390049,-0.345924667419224,0.13575791071637794,
3PL,mid,0.05012258645485039,0.1752361578653233,-0.3003497292757962,0.400594902185497,
3SG,high,0.024089542280430747,0.09587391340836,-0.16765828453628925,0.21583736909715076,
3SG,low,-0.07982448129726978,0.1203388572174681,-0.320502195732206,0.16085323313766642,
3SG,mid,0.05008634628008276,0.1746954427557809,-0.29930453923147904,0.3994772317916445,
above,high,-0.030494971993452316,0.09345779573222703,-0.21741056345790638,0.15642061947100172,
above,low,0.025033563371330537,0.12135274177223777,-0.21767192017314502,0.2677390469158061,
above,mid,-0.005040987287345806,0.17439612681535396,-0.35383324091805374,0.3437512663433621,
afraid,high,0.06471332849037711,0.0954767027243632,-0.1262400769583493,0.25566673393910355,
afraid,low,-0.10345546230359502,0.12095981929396524,-0.3453751008915255,0.13846417628433544,
afraid,mid,0.031981423413413056,0.17484405178188303,-0.317706680150353,0.3816695269771791,
after,high,-0.014776486331499233,0.09533864087409917,-0.20545376807969756,0.17590079541669912,
after,low,-0.018331094327288622,0.12342764437906235,-0.2651863830854133,0.22852419443083608,
after,mid,0.02528911098860838,0.1767333763224395,-0.3281776416562706,0.37875586363348734,
air,high,-0.04835186529131163,0.09521502768143691,-0.23878192065418546,0.1420781900715622,
air,low,0.08099698939529745,0.13109317635527062,-0.1811893633152438,0.3431833421058387,
air,mid,-0.04929699187539106,0.17847882867159273,-0.4062546492185765,0.3076606654677944,
all,high,-8.049122843408419e-4,0.09296421922842064,-0.18673335074118214,0.18512352617250044,
all,low,-0.015182813902860958,0.12223805848634067,-0.2596589308755423,0.22929330306982038,
all,mid,0.0075593762852203695,0.17513677587301188,-0.3427141754608034,0.3578329280312441,
angry,high,-0.015798650766052882,0.09102351164495204,-0.19784567405595696,0.1662483725238512,
angry,low,0.047922352040897155,0.12260755828800458,-0.19729276453511202,0.2931374686169063,
angry,mid,-0.04598208012385382,0.17612527647137857,-0.39823263306661094,0.30626847281890335,
animal,high,-0.035233773283957714,0.09273705942492916,-0.22070789213381603,0.1502403455659006,
animal,low,0.06838347227190786,0.1225598954286049,-0.17673631858530195,0.3135032631291177,
animal,mid,-0.048362602057905484,0.175875433271168,-0.4001134686002415,0.3033882644844305,
ant,high,0.09132146021558481,0.09758200221658045,-0.10384254421757609,0.2864854646487457,
ant,low,-0.14017065241864335,0.12500653017675936,-0.3901837127721621,0.10984240793487537,
ant,mid,0.04123361769553976,0.1768389451562213,-0.3124442726169029,0.39491150800798236,
arm_lower,high,-0.09131024234036055,0.08908346089428149,-0.26947716412892353,0.08685667944820243,
arm_lower,low,0.13577857041107336,0.12109961225773812,-0.10642065410440288,0.3779777949265496,
arm_lower,mid,-0.06600270138756098,0.176053774394037,-0.41811025017563497,0.286104847400513,
arm_upper,high,-0.09488669482488209,0.09045980017070092,-0.2758062951662839,0.08603290551651975,
arm_upper,low,0.14191107426062136,0.12035790118987069,-0.09880472811912003,0.38262687664036277,
arm_upper,mid,-0.06934838333031292,0.17574673211947806,-0.420841847569269,0.2821450809086432,
ashes,high,0.10617333145079168,0.09603041064148808,-0.08588748983218449,0.29823415273376785,
ashes,low,-0.1786379980413713,0.12004966334172577,-0.41873732472482283,0.06146132864208026,
ashes,mid,0.06485662354309428,0.1741610763704577,-0.2834655291978211,0.4131787762840097,
back,high,0.059959587673324655,0.09556479526525734,-0.13117000285719002,0.25108917820383936,
back,low,-0.10152996220246557,0.12121222175443776,-0.34395440571134106,0.14089448130640994,
back,mid,0.03502691545959338,0.17445414581456656,-0.3138813761695397,0.3839352070887265,
bad,high,-0.024623570036737003,0.09327076975515115,-0.21116510954703932,0.1619179694735653,
bad,low,0.006670561449099773,0.12010616454886945,-0.23354176764863913,0.24688289054683868,
bad,mid,0.008883241204715295,0.17484703926033468,-0.3408108373159541,0.35857731972538465,
bark,high,-0.025681955290270394,0.0927302982791659,-0.2111425518486022,0.1597786412680614,
bark,low,0.02735701201637525,0.12104371556750769,-0.21473041911864013,0.2694444431513906,
bark,mid,-0.01261072453828923,0.17473403426681589,-0.362078793071921,0.33685734399534256,
beautiful,high,-0.02325217221036298,0.09283333237685615,-0.20891883696407526,0.16241449254334933,
beautiful,low,0.03817977114395006,0.12404094538916231,-0.20990211963437455,0.2862616619222747,
beautiful,mid,-0.02736942592953289,0.17675242317156853,-0.38087427227266996,0.32613542041360416,
because,high,-0.050407285332271116,0.09395240222076162,-0.23831208977379437,0.13749751910925212,
because,low,0.05141468054340377,0.1255777000334877,-0.19974071952357164,0.30257008061037916,
because,mid,-0.013715947152834874,0.1771113037943408,-0.3679385547415165,0.34050666043584676,
before,high,-0.023944220318616267,0.09510909089096381,-0.21416240210054388,0.16627396146331136,
before,low,-0.031080201772310318,0.12339336925693226,-0.2778669402861748,0.21570653674155418,
before,mid,0.048352778879582975,0.1761349891362037,-0.30391719939282447,0.40062275715199036,
behind,high,0.026326636111778802,0.09508671843682621,-0.16384680076187363,0.21650007298543122,
behind,low,-0.07024271880283296,0.12316477245153405,-0.3165722637059011,0.17608682610023513,
behind,mid,0.03757776392019209,0.17583707534702941,-0.31409638677386675,0.3892519146142509,
belly,high,0.026640389786645412,0.09501327757321612,-0.16338616535978684,0.21666694493307764,
belly,low,-0.0758423844775646,0.12039272699587454,-0.3166278384693137,0.16494306951418447,
belly,mid,0.04328622626953868,0.1748643540448081,-0.3064424818200775,0.3930149343591549,
below,high,-0.02652353101857391,0.09363498007406729,-0.21379349116670848,0.16074642912956066,
below,low,0.020520512089584064,0.12222614327215778,-0.2239317744547315,0.2649727986338996,
below,mid,-0.004381565097363792,0.17586804882964302,-0.35611766275664986,0.3473545325619222,
beside,high,-0.05184707655004636,0.09414143682233858,-0.24012995019472352,0.1364357970946308,
beside,low,0.0641321956459042,0.12452341332981452,-0.18491463101372485,0.31317902230553324,
beside,mid,-0.026243452112301804,0.17601297560221085,-0.3782694033167235,0.3257824990921199,
between,high,-0.032803988319594225,0.0961604688777658,-0.22512492607512583,0.1595169494359374,
between,low,0.05644639957091183,0.131149343074307,-0.2058522865777022,0.31874508571952587,
between,mid,-0.03811198458853242,0.17817575314897593,-0.3944634908864843,0.31823952170941944,
big,high,-0.04974274658782382,0.09085778708255217,-0.23145832075292816,0.13197282757728052,
big,low,0.06291020608831513,0.11968400177592883,-0.17645779746354254,0.3022782096401728,
big,mid,-0.026741733711960175,0.17524722822446387,-0.37723619016088794,0.32375272273696754,
bird,high,0.12647842186237618,0.0968864037300663,-0.06729438559775641,0.32025122932250877,
bird,low,-0.19387456141927367,0.11921642101347034,-0.4323074034462143,0.044558280607667006,
bird,mid,0.05850600072827314,0.17387653688676735,-0.28924707304526154,0.40625907450180787,
bite,high,-0.07119839977749945,0.08959902371495516,-0.2503964472074098,0.10799964765241088,
bite,low,0.13059646154701962,0.11883103037848514,-0.10706559920995065,0.3682585223039899,
bite,mid,-0.08111078745791528,0.17555156508003342,-0.4322139176179821,0.26999234270215156,
bitter,high,-0.06880967644978268,0.09076405457127223,-0.25033778559232717,0.11271843269276179,
bitter,low,0.15116904999082656,0.1218339659634794,-0.09249888193613223,0.3948369819177854,
bitter,mid,-0.1079360839321609,0.17710309806765376,-0.46214228006746844,0.2462701122031466,
black,high,0.0923700064720886,0.09636248277983814,-0.10035495908758768,0.28509497203176487,
black,low,-0.13735879281667798,0.11847094411539587,-0.3743006810474697,0.09958309541411375,
black,mid,0.03768714901706327,0.1746651421060172,-0.3116431351949711,0.38701743322909765,
blood,high,0.016256223876731448,0.09298478593555881,-0.16971334799438617,0.20222579574784907,
blood,low,-0.03253760159308774,0.11765200178119008,-0.2678416051554679,0.2027664019692924,
blood,mid,0.008554070441794273,0.17385267336877713,-0.33915127629576,0.35625941717934856,
blow,high,0.19181477818657697,0.10141355414838238,-0.01101233011018779,0.39464188648334175,
blow,low,-0.2835898846996802,0.11778422099285932,-0.5191583266853989,-0.04802144271396158,
blow,mid,0.07602578326479019,0.17457364678253143,-0.27312151030027265,0.42517307682985306,
blue,high,0.01718312347613244,0.09512488438555883,-0.17306664529498522,0.2074328922472501,
blue,low,-0.017270253036927877,0.12324207672112343,-0.26375440647917475,0.22921390040531897,
blue,mid,-0.009297982796546457,0.17560014840896462,-0.3604982796144757,0.34190231402138277,
blunt,high,0.1213013035533374,0.09956341345125022,-0.07782552334916304,0.32042813045583785,
blunt,low,-0.21431904660948192,0.12313114459693443,-0.4605813358033508,0.03194324258438694,
blunt,mid,0.08398659827005277,0.17431979509618983,-0.2646529919223269,0.43262618846243245,
body,high,0.021675682098726952,0.09440801955058571,-0.16714035700244448,0.21049172119989837,
body,low,-0.0544031229759202,0.12045869902484402,-0.29532052102560824,0.18651427507376783,
body,mid,0.025926172667558457,0.1751143821693794,-0.32430259167120035,0.3761549370063173,
bone,high,0.06785206312985764,0.09548993758967139,-0.12312781204948514,0.2588319383092004,
bone,low,-0.12003693861594124,0.11946709338461498,-0.3589711253851712,0.11889724815328871,
bone,mid,0.04596873138470749,0.1735017767077516,-0.30103482203079573,0.3929722848002107,
boy,high,0.017128209401745698,0.09383401192828116,-0.1705398144548166,0.204796233258308,
boy,low,-0.03134151125384475,0.11991323713633392,-0.2711679855265126,0.20848496301882308,
boy,mid,0.006272570624648088,0.17326803829740667,-0.34026350597016525,0.3528086472194614,
brain,high,0.07847151192251146,0.0974047209471985,-0.11633792997188554,0.2732809538169085,
brain,low,-0.17325940665043157,0.12311951181709836,-0.4194984302846283,0.07297961698376515,
brain,mid,0.08842345174642581,0.17478965831839122,-0.26115586489035664,0.43800276838320823,
breast,high,0.08518961523790103,0.09754732410063457,-0.10990503296336812,0.2802842634391702,
breast,low,-0.1654916657025366,0.11923572385348802,-0.40396311340951263,0.07297978200443944,
breast,mid,0.07387020341224028,0.17331476758342715,-0.27275933175461403,0.42049973857909456,
breathe,high,-0.06617796244332588,0.09109140529388897,-0.24836077303110382,0.11600484814445206,
breathe,low,0.10350491269400486,0.12465982637365035,-0.14581474005329584,0.3528245654413056,
breathe,mid,-0.05557822695436885,0.17661773757336743,-0.40881370210110374,0.297657248192366,
burn,high,0.017750007151603738,0.09407390748689788,-0.17039780782219202,0.2058978221253995,
burn,low,-0.029985023737273762,0.12016807885583738,-0.2703211814489485,0.210351133974401,
burn,mid,0.004024461141991765,0.1751150457396832,-0.3462056303373746,0.3542545526213582,
buttocks,high,0.12208766709258136,0.10034747363087762,-0.07860728016917388,0.3227826143543366,
buttocks,low,-0.23755488131337682,0.12300586666938979,-0.4835666146521564,0.00845685202540275,
buttocks,mid,0.10583801961856949,0.17344844635268852,-0.24105887308680757,0.4527349123239465,
carry,high,-0.07267228361288865,0.09146848167581922,-0.2556092469645271,0.1102646797387498,
carry,low,0.10732960438197973,0.11917596564372067,-0.13102232690546162,0.34568153566942106,
carry,mid,-0.052863106283863884,0.1751222842742115,-0.4031076748322869,0.29738146226455914,
clean,high,-0.005213459538350336,0.09457733556688369,-0.19436813067211772,0.18394121159541704,
clean,low,0.0071086538637677894,0.12502015569722544,-0.24293165753068308,0.2571489652582187,
clean,mid,-0.012196162373261472,0.17554691298848174,-0.36328998835022497,0.338897663603702,
cloud,high,0.059004557452692535,0.09455344074150575,-0.13010232403031896,0.24811143893570403,
cloud,low,-0.111666128408835,0.12142119258545774,-0.35450851357975044,0.13117625676208047,
cloud,mid,0.04652148769356582,0.17500318133836415,-0.30348487498316246,0.39652785037029414,
cold,high,0.054716494686574316,0.09445014228014753,-0.13418378987372076,0.24361677924686936,
cold,low,-0.07525473996626382,0.11979999103942522,-0.3148547220451143,0.1643452421125866,
cold,mid,0.013071569442545223,0.1752970236183829,-0.33752247779422057,0.363665616679311,
come,high,-0.004555136065654102,0.09232323226266889,-0.1892016005909919,0.18009132845968367,
come,low,-0.007019242903246753,0.11866266810384078,-0.24434457911092833,0.2303060933044348,
come,mid,0.00280823745522114,0.17541912865916257,-0.348030019863104,0.35364649477354626,
correct,high,0.06073557237524425,0.09756686332671492,-0.1343981542781856,0.2558692990286741,
correct,low,-0.1359177745349847,0.1278429588903871,-0.39160369231575887,0.11976814324578952,
correct,mid,0.06905464924474711,0.1767617876544462,-0.2844689260641453,0.42257822455363947,
cough,high,0.0895248860715103,0.09931424761912043,-0.10910360916673056,0.28815338130975116,
cough,low,-0.23436305395757975,0.12138064607381137,-0.4771243461052025,0.008398238190042984,
cough,mid,0.13677120276136512,0.17300015930628357,-0.20922911585120202,0.48277152137393226,
crooked,high,0.047878287277272544,0.09759395762324152,-0.1473096279692105,0.2430662025237556,
crooked,low,-0.14066847642261346,0.1241568657676238,-0.3889822079578611,0.10764525511263415,
crooked,mid,0.08752669207977211,0.17463147180652294,-0.2617362515332738,0.436789635692818,
crush,high,0.021854888345287104,0.09511554642968321,-0.16837620451407934,0.21208598120465352,
crush,low,-0.03472477564555173,0.12321048255459095,-0.28114574075473364,0.21169618946363017,
crush,mid,0.0046264588246121225,0.17501791809347675,-0.3454093773623414,0.3546622950115656,
cry,high,0.017547044635357036,0.09153990939927166,-0.1655327741631863,0.20062686343390035,
cry,low,-0.007855019258255302,0.11873722243923504,-0.24532946413672538,0.22961942562021478,
cry,mid,-0.01960445165252923,0.17495239844137966,-0.36950924853528855,0.3303003452302301,
D_fs,high,-0.0037205288422370785,0.09222154003899952,-0.18816360892023612,0.18072255123576195,
D_fs,low,-0.0011747187880571852,0.11905226840583782,-0.23927925559973284,0.23692981802361845,
D_fs,mid,-0.0043159650950668725,0.17371877948118064,-0.35175352405742816,0.3431215938672944,
D_ms,high,-5.733789934693949e-4,0.0935072222460359,-0.1875878234855412,0.1864410654986024,
D_ms,low,-0.005350546306722085,0.11850425018776109,-0.24235904668224426,0.2316579540688001,
D_ms,mid,-0.0031833255971848856,0.174808278210939,-0.35279988201906287,0.34643323082469313,
dark,high,0.14599562717789388,0.09906322261447692,-0.05213081805105996,0.3441220724068477,
dark,low,-0.2265544349110344,0.12062687992066486,-0.4678081947523641,0.014699324930295299,
dark,mid,0.069839426224495807,0.17463688216325188,-0.27943433810200796,0.41911319055099955,
day,high,-0.09709888203217037,0.08994686891107058,-0.27699261985431156,0.08279485578997078,
day,low,0.15929549874055737,0.12074587665377025,-0.08219625456698312,0.40078725204809784,
day,mid,-0.08718525234526307,0.17514524395149964,-0.43747574024826236,0.2631052355577362,
DD_fs,high,0.004278307528611204,0.09478588036673641,-0.18529345320486162,0.193850068262084,
DD_fs,low,-6.043889199754379e-4,0.12068463489857541,-0.24197365871712626,0.24076488087717537,
DD_fs,mid,-0.013520472418639462,0.17375486100585727,-0.361030194430354,0.3339892495930751,
DD_ms,high,-0.00616441651705612,0.0937094169491682,-0.19358325041539254,0.18125441738128029,
DD_ms,low,0.010780913666479607,0.12169480568647477,-0.23260869770646994,0.25417052503942916,
DD_ms,mid,-0.015033562804679495,0.17518949248432403,-0.36541254777332755,0.33534542216396857,
deep,high,0.048691092353442135,0.09626515456752473,-0.14383921678160733,0.24122140148849158,
deep,low,-0.08612273384375513,0.12270914301233635,-0.3315410198684278,0.15929555218091757,
deep,mid,0.03073872605537926,0.17513952236700667,-0.3195403186786341,0.3810177707893926,
defecate,high,0.013333154209487885,0.09437414462278763,-0.17541513503608738,0.20208144345506315,
defecate,low,-0.03821365299109791,0.12158997304570325,-0.2813935990825044,0.2049662931003086,
defecate,mid,0.017451160057191283,0.17476319446394506,-0.33207522887069885,0.3669775489850814,
die,high,0.03604773027192698,0.09375117903834153,-0.15145462780475608,0.22355008834861004,
die,low,-0.04323933791235055,0.11707265111519373,-0.277384640142738,0.1909059643180369,
die,mid,-8.712411507909887e-4,0.17291233809364473,-0.3466959173380805,0.34495343503649845,
dirty,high,0.0495749702212448,0.09591012269784566,-0.14224527517444652,0.2413952156169361,
dirty,low,-0.048229492849460105,0.12067888675190702,-0.28958726635327414,0.19312828065435395,
dirty,mid,-0.010328123494337685,0.17530739581268456,-0.36094291511970683,0.3402866681310314,
do,high,-0.015312863895767557,0.09368019269046841,-0.20267324927670438,0.17204752148516927,
do,low,-0.007475299045025479,0.11988115403982243,-0.24723760712467033,0.23228700903461938,
do,mid,0.014490201719786816,0.17487991958333035,-0.3352696374468739,0.3642500408864475,
dog,high,-2.0799378971406022e-4,0.09202173616776031,-0.1842514661252347,0.18383547854580656,
dog,low,6.814057048894961e-5,0.1176319736620892,-0.23519580675368945,0.23533208789466736,
dog,mid,-0.009362946857274283,0.17440896222766666,-0.3581808713126076,0.33945497759805904,
drink,high,0.0909517914047328,0.09646231236495496,-0.10197283332517712,0.28387641613464276,
drink,low,-0.15614922015635802,0.11723236080358099,-0.39061394176352,0.07831550145080396,
drink,mid,0.05847040967350319,0.17363612671682296,-0.28880184376014273,0.4057426631071491,
dry,high,0.0010278566092808469,0.09412130462378988,-0.18721475263829893,0.1892704658568606,
dry,low,-0.004186713979132427,0.11929904638895288,-0.24278480675703817,0.23441137879877333,
dry,mid,-0.006125704759576867,0.17406417679410155,-0.35425405834777995,0.34200264882862624,
DS_fs,high,-0.03409597950653768,0.09227739720554289,-0.21865077391762344,0.1504588149045481,
DS_fs,low,0.07176465501835974,0.11944698402219936,-0.16712931302603898,0.3106586230627585,
DS_fs,mid,-0.05319390449208173,0.17489821501618075,-0.4029903345244432,0.29660252554027977,
DS_ms,high,-0.031525027196986966,0.09216976519370293,-0.21586455758439282,0.1528145031904189,
DS_ms,low,0.06311699060197207,0.12017708046931927,-0.17723717033666647,0.3034711515406106,
DS_ms,mid,-0.0462035804653391,0.1750660535165335,-0.39633568749840614,0.3039285265677279,
dust,high,0.10954811628790498,0.09922074736282263,-0.08889337843774028,0.30798961101355027,
dust,low,-0.21780442090095609,0.12132567065101971,-0.4604557622029955,0.024846920401083328,
dust,mid,0.09985988002410702,0.17451982229117805,-0.24917976455824908,0.4488995246064631,
ear,high,0.03354166312688196,0.09634722397615798,-0.159152784825434,0.22623611107919794,
ear,low,-0.11498501917407847,0.1197232212864487,-0.3544314617469759,0.12446142339881894,
ear,mid,0.07656489961106466,0.1742934428064928,-0.27202198600192096,0.4251517852240503,
earth,high,-0.017119330572778823,0.09230147295623886,-0.20172227648525654,0.1674836153396989,
earth,low,0.03942899359834373,0.11757981019642647,-0.1957306267945092,0.27458861399119666,
earth,mid,-0.034791801903082877,0.17380155085606552,-0.38239490361521394,0.31281129980904815,
eat,high,-0.06970870926603923,0.0893048465732423,-0.24831840241252381,0.10890098388044536,
eat,low,0.12836776152671273,0.11855799052447487,-0.10874821952223701,0.36548374257566246,
eat,mid,-0.08003178153129845,0.17481890503091418,-0.4296695915931268,0.26960602853052995,
egg,high,0.09059988352680581,0.09717988206745685,-0.1037598806081079,0.28495964766171955,
egg,low,-0.1560865518508402,0.11925935425182962,-0.39460526035449944,0.08243215665281906,
egg,mid,0.058613854983685564,0.17449945615407397,-0.2903850573244624,0.4076127672918335,
eight,high,0.002228505014296045,0.09463856121325688,-0.1870486174122177,0.19150562744080982,
eight,low,-0.025873636473271292,0.12286898407300192,-0.27161160461927514,0.21986433167273256,
eight,mid,0.01578975060730676,0.17541421065396157,-0.3350386707006164,0.3666181719152299,
eleven,high,0.027196073419143485,0.09607640759792938,-0.16495674177671527,0.21934888861500224,
eleven,low,-0.055944440663992505,0.12293730692697692,-0.30181905451794633,0.18993017318996133,
eleven,mid,0.021585380205354325,0.17546242274221355,-0.32933946527907276,0.3725102256897814,
empty,high,-0.010172199272523337,0.09466378875396904,-0.1994997767804614,0.17915537823541475,
empty,low,-0.0038717996312023924,0.12556253717535917,-0.2549968739819207,0.24725327471951594,
empty,mid,0.004889522628311924,0.17637332195435415,-0.34785712128039636,0.35763616653702024,
eye,high,0.10032596487307248,0.09717441527922256,-0.09402286568537264,0.2946747954315176,
eye,low,-0.19585874548849427,0.11963636008327055,-0.43513146565503535,0.043413974678046835,
eye,mid,0.08813721018254564,0.1743252111442086,-0.26051321210587153,0.43678763247096286,
F_fs,high,-0.25077601343493366,0.0852761414265256,-0.42132829628798485,-0.08022373058188245,
F_fs,low,0.41516149512639977,0.11840666429676516,0.17834816653286945,0.6519748237199301,
F_fs,mid,-0.24046467904974553,0.17609761663419213,-0.5926599123181298,0.11173055421863873,
F_ms,high,-0.24750395175591244,0.08395409281001,-0.4154121373759324,-0.07959576613589245,
F_ms,low,0.4116996458361822,0.11730690642363306,0.17708583298891606,0.6463134586834482,
F_ms,mid,-0.23945219738508,0.17699192732328156,-0.5934360520316431,0.11453165726148312,
fall,high,0.018180202509004477,0.09420689210932388,-0.17023358170964328,0.20659398672765225,
fall,low,-0.055667955943409446,0.11944760282083686,-0.29456316158508317,0.18322724969826426,
fall,mid,0.03100841730759685,0.1744916120671418,-0.3179748068266868,0.37999164144188047,
far,high,-0.06834494039618527,0.09002027543537257,-0.2483854912669304,0.11169561047455986,
far,low,0.13334245357237723,0.11994450302029974,-0.10654655246822226,0.3732314596129767,
far,mid,-0.08740426218743977,0.17597472676319328,-0.4393537157138263,0.26454519133894683,
fart,high,0.15366893880991833,0.10206080797915258,-0.05045267714838683,0.3577905547682235,
fart,low,-0.2583575409397257,0.12713883149603256,-0.5126352039317907,-0.004079877947660571,
fart,mid,0.09217905352477894,0.17513000580918456,-0.25808095809359016,0.44243906514314807,
feather,high,0.02605649081837537,0.09430618652357026,-0.16255588222876516,0.21466886386551587,
feather,low,-0.05489429686291894,0.12205511896183024,-0.2990045347865794,0.18921594106074155,
feather,mid,0.021757399544042995,0.1755711126372451,-0.3293848257304472,0.37289962481853317,
few,high,-0.029068290230037635,0.09284398290968868,-0.21475625604941498,0.15661967558933973,
few,low,0.04601568802314286,0.12209592638909546,-0.19817616475504807,0.29020754080133376,
few,mid,-0.029800495102582134,0.17566847357295381,-0.3811374422484898,0.3215364520433255,
FF_fs,high,-0.09440492471819349,0.08934488116302154,-0.27309468704423656,0.08428483760784959,
FF_fs,low,0.17676076270657956,0.11836684178513492,-0.05997292086369027,0.4134944462768494,
FF_fs,mid,-0.11056770121233035,0.17598426482236842,-0.4625362308570672,0.2414008284324065,
FF_ms,high,-0.09830969069093852,0.0893149080762488,-0.2769395068434361,0.08032012546155907,
FF_ms,low,0.18445880407090098,0.12058618860776733,-0.05671357314463368,0.4256311812864356,
FF_ms,mid,-0.11567328023988414,0.17686646408269124,-0.46940620840526665,0.23805964792549833,
finger,high,0.04631093988710707,0.09481500299929495,-0.14331906611148282,0.23594094588569697,
finger,low,-0.08634946419509032,0.12031404214937998,-0.3269775484938503,0.15427862010366963,
finger,mid,0.033658014363715454,0.17461143467860493,-0.3155648549934944,0.3828808837209253,
fingernail,high,0.09477410323694267,0.09785845172832167,-0.10094280021970066,0.290491006693586,
fingernail,low,-0.1571592831459766,0.11831254686123505,-0.3937843768684467,0.07946581057649349,
fingernail,mid,0.055301766557583856,0.17446102340300293,-0.293620280248422,0.4042238133635897,
fire,high,0.061136378583054894,0.09437375580116539,-0.12761113301927587,0.24988389018538568,
fire,low,-0.0902789903992611,0.1200107186967614,-0.3303004277927839,0.1497424469942617,
fire,mid,0.022054185369908767,0.17538132067086365,-0.3287084559718185,0.3728168267116361,
fish,high,-0.03774113878973855,0.09037253892487955,-0.21848621663949766,0.14300393906002054,
fish,low,0.0747436495179377,0.12053574568211381,-0.1663278418462899,0.31581514088216533,
fish,mid,-0.05272666943116167,0.1757502897017364,-0.40422724883463446,0.2987739099723111,
five,high,-0.01623709206756693,0.0915054305790433,-0.19924795322565353,0.16677376909051966,
five,low,0.02379769197324215,0.11987335052309633,-0.2159490090729505,0.26354439301943483,
five,mid,-0.018592056300737365,0.17546876192909563,-0.3695295801589286,0.3323454675574539,
flat,high,-0.20600309989654453,0.08817296057886768,-0.3823490210542799,-0.02965717873880916,
flat,low,0.34164420228258724,0.12384202863483343,0.09396014501292038,0.5893282595522541,
flat,mid,-0.19414923552453484,0.17831706973662645,-0.5507833749977877,0.16248490394871806,
flesh,high,0.04209088093382471,0.09411793268341882,-0.14614498443301294,0.23032674630066235,
flesh,low,-0.05618551497834279,0.12050231819065971,-0.2971901513596622,0.18481912140297663,
flesh,mid,0.006241903108324998,0.17530786324741174,-0.34437382338649847,0.3568576296031485,
flower,high,0.05994522290366289,0.09578885607092992,-0.13163248923819695,0.2515229350455227,
flower,low,-0.12206350195499727,0.12100514160036652,-0.3640737851557303,0.11994678124573577,
flower,mid,0.05625925528140184,0.17422774366558216,-0.29219623204976247,0.4047147426125662,
fly_n,high,0.06139814352671738,0.09665354920135086,-0.13190895487598434,0.2547052419294191,
fly_n,low,-0.095814378761523,0.12163340334443001,-0.339081185450383,0.14745242792733704,
fly_n,mid,0.027530504044688906,0.1739307329685679,-0.32033096189244686,0.3753919699818247,
fly_v,high,-0.010218785728126716,0.0939529509326259,-0.1981246875933785,0.1776871161371251,
fly_v,low,-0.001811079864018292,0.12171210651114649,-0.24523529288631127,0.24161313315827468,
fly_v,mid,0.002894223030385245,0.17600861597994805,-0.34912300892951087,0.3549114549902813,
FM_fs,high,-0.0988036021456653,0.08903363956487423,-0.27687088127541376,0.07926367698408315,
FM_fs,low,0.16315668802112615,0.12157163590935448,-0.0799865837975828,0.40629995983983513,
FM_fs,mid,-0.08999655261131789,0.17642951438338045,-0.4428555813780788,0.262862476155443,
FM_ms,high,-0.10144661763975948,0.08936845598342072,-0.2801835296066009,0.07729029432708195,
FM_ms,low,0.1709222598969411,0.11815828602807804,-0.06539431215921498,0.4072388319530972,
FM_ms,mid,-0.09618740001015032,0.17574583892936504,-0.4476790778688804,0.2553042778485798,
FoB_fs,high,-0.09544849778199142,0.08952932018770784,-0.2745071381574071,0.08361014259342427,
FoB_fs,low,0.1729096944856079,0.11872740955173516,-0.06454512461786244,0.4103645135890782,
FoB_fs,mid,-0.10487386742300495,0.17543713851024342,-0.45574814444349177,0.2460004095974819,
FoB_ms,high,-0.09458752955993253,0.08932170272477424,-0.27323093500948104,0.08405587588961595,
FoB_ms,low,0.17186859758402517,0.12094054336093078,-0.07001248913783639,0.41374968430588677,
FoB_ms,mid,-0.10469142358413186,0.17641957989136978,-0.4575305833668714,0.2481477361986077,
foot,high,0.008742500601107128,0.09366700971276813,-0.17859151882442914,0.19607652002664339,
foot,low,-0.0417064021187437,0.11955922725098803,-0.28082485662071976,0.19741205238323234,
foot,mid,0.026108144060279854,0.17423624386814718,-0.3223643436760145,0.3745806317965742,
four,high,-0.03141222682055908,0.09104398042096042,-0.2135001876624799,0.15067573402136175,
four,low,0.05537791763333788,0.12006943874558172,-0.18476095985782556,0.29551679512450135,
four,mid,-0.037659285986012446,0.1759022264379169,-0.3894637388618462,0.31414516688982136,
FoZ_fs,high,-0.06628080608403786,0.0918595068166047,-0.24999981971724725,0.11743820754917153,
FoZ_fs,low,0.09935537188183914,0.12155075546450715,-0.14374613904717515,0.34245688281085346,
FoZ_fs,mid,-0.05066501564714653,0.1765012507224448,-0.40366751709203613,0.30233748579774306,
FoZ_ms,high,-0.0684052218868233,0.09116366474386951,-0.2507325513745623,0.11392210760091573,
FoZ_ms,low,0.10633194380787954,0.12176690702709,-0.13720187024630048,0.34986575786205953,
FoZ_ms,mid,-0.05633205165397532,0.1759785492242937,-0.4082891501025627,0.2956250467946121,
full,high,0.025611761797846203,0.09475001449933101,-0.16388826720081584,0.21511179079650822,
full,low,-0.03963011273483262,0.12012485631400682,-0.2798798253628463,0.200619599893181,
full,mid,0.006008043099914662,0.17557530093787851,-0.3451425587758424,0.3571586449756717,
FyB_fs,high,-0.10894758904249097,0.08891647858501676,-0.28678054621252447,0.06888536812754256,
FyB_fs,low,0.19768177765434955,0.11938797262938163,-0.0410941676044137,0.4364577229131128,
FyB_fs,mid,-0.12005973389618048,0.17684020646668513,-0.47374014682955073,0.2336206790371898,
FyB_ms,high,-0.10820155752466404,0.08987598100969141,-0.28795351954404685,0.07155040449471878,
FyB_ms,low,0.19727904477737873,0.11989575310095756,-0.04251246142453638,0.4370705509792938,
FyB_ms,mid,-0.12031270621046174,0.17539870886504377,-0.4711101239405493,0.2304847115196258,
FyZ_fs,high,-0.07444480077026822,0.09208651645790977,-0.25861783368608776,0.10972823214555133,
FyZ_fs,low,0.11813996847001952,0.122295512321226,-0.12645105617243246,0.36273099311247153,
FyZ_fs,mid,-0.06352435423294484,0.1757893445159412,-0.4151030432648272,0.28805433479893755,
FyZ_ms,high,-0.076741099662827425,0.09026114641226263,-0.2572633924873527,0.10378119316169783,
FyZ_ms,low,0.12361989575960033,0.12156679554468625,-0.11951369532977216,0.3667534868489728,
FyZ_ms,mid,-0.06736134418199305,0.17634177273399843,-0.42004488964998987,0.28532220128600383,
girl,high,0.014587930921332067,0.09338430583020375,-0.17218068073907544,0.20135654258173957,
girl,low,-0.01955852532712029,0.1199713688466108,-0.2595012630203419,0.2203842123661013,
girl,mid,-0.003776400652632531,0.17392693720887478,-0.3516302750703821,0.34407747376511705,
give,high,0.026884872989913225,0.09416044592007863,-0.16143601885024406,0.21520576483007048,
give,low,-0.05647449331789104,0.1194090882370538,-0.29529266979199864,0.18234368315621657,
give,mid,0.022713322695148384,0.1747827767260221,-0.32685223075689585,0.37227887614719257,
go,high,-0.04592804801833952,0.09138750185645539,-0.2287030517312503,0.13684695569457125,
go,low,0.06703377609856422,0.12020506349176306,-0.1733763508849619,0.30744390308209035,
go,mid,-0.03540843553527235,0.17539664265610316,-0.38620172084747867,0.315384849776934,
good,high,-0.03820309540290885,0.0912549688175319,-0.22071303303797263,0.14430684223215495,
good,low,0.03943087165573451,0.1185225395490145,-0.1976142074422945,0.2764759507537635,
good,mid,-0.012624150548230632,0.17387203850024288,-0.3603682275487164,0.33511992645225513,
grass,high,0.05471898265805514,0.0961259518117882,-0.13753292096552125,0.24697088628163152,
grass,low,-0.11684479160628934,0.12064127301473765,-0.35812733763576465,0.12443775442318596,
grass,mid,0.05643058996753919,0.17363549686594787,-0.29084040376435655,0.40370158369943493,
gray,high,0.020881677021154964,0.09901839248231799,-0.17715510794348102,0.21891846198579093,
gray,low,-0.04618298849101568,0.1354945417870015,-0.31717207206501863,0.2248060950829873,
gray,mid,0.017019913410533282,0.17882725028828073,-0.3406345871660282,0.3746744139870947,
grease,high,-0.00729135813486076,0.09397063476426809,-0.19523262766339694,0.18064991139367542,
grease,low,0.002017888779011589,0.1212432898947189,-0.2404686910104262,0.2445044685684494,
grease,mid,-0.0042438652935826195,0.1747845684946745,-0.3538130022829316,0.3453252716957664,
green,high,-0.030844517433055062,0.0937145481745249,-0.21827361378210486,0.15658457891599475,
green,low,0.051915337051532714,0.11969872800442265,-0.1874821189573126,0.291312793060378,
green,mid,-0.034402444274128446,0.17502218221753824,-0.3844468087092049,0.31564192016094805,
grow,high,0.007605790271116689,0.09332341997655397,-0.17904104968199125,0.19425263022422462,
grow,low,-0.02845788038639466,0.12405094739804508,-0.2765597751824848,0.2196440144096955,
grow,mid,0.012884634984262821,0.17588111384470642,-0.33887759270515,0.3646468626736757,
hair,high,0.09093594957706205,0.09592565887595914,-0.10091536817485622,0.2827872673289803,
hair,low,-0.16333457278901561,0.1183689087038061,-0.4000723901966278,0.0734032446185966,
hair,mid,0.06574692910931852,0.17310436916128466,-0.2804618092132508,0.41195566743188783,
half,high,-0.08386082101354252,0.09271541247065092,-0.26929164595484434,0.10157000392775932,
half,low,0.12222084515403014,0.12548921108931194,-0.12875757702459373,0.373199267332654,
half,mid,-0.05859112119325638,0.17768585739734738,-0.41396283598795114,0.2967805936014384,
hand,high,-0.053214571733808134,0.09192941777086053,-0.2370734072755292,0.1306442638079129,
hand,low,0.06201518486530203,0.12069873936505086,-0.1793822938647997,0.30341266359540375,
hand,mid,-0.02228096206519169,0.1764452711052967,-0.3751715042757851,0.3306095801454017,
happy,high,-0.005733712186921324,0.0939417106551315,-0.19361713349718432,0.1821497091233417,
happy,low,0.022031960113465494,0.1206613508379015,-0.2192907415623375,0.2633546617892685,
happy,mid,-0.02783352031567208,0.17501986398359404,-0.3778732482828602,0.322206207651516,
hard,high,-0.08479296109226162,0.09057873435045838,-0.2659504297931784,0.09636450760865514,
hard,low,0.15544046740470527,0.1202170053517898,-0.08499354329887432,0.39587447810828486,
hard,mid,-0.09573295657297995,0.17568001108970646,-0.44709297875239284,0.255627065606433,
have_sexual_intercourse,high,0.039933079073566774,0.09931157811064953,-0.15869007714773228,0.23855623529486583,
have_sexual_intercourse,low,-0.09885629129531051,0.12949800063657535,-0.3578522925684612,0.1601397099778402,
have_sexual_intercourse,mid,0.05271292326015956,0.17651170593643534,-0.3003104886127111,0.40573633513303026,
head,high,0.016853138172822572,0.09445554265853717,-0.17205794714425177,0.20576422348989692,
head,low,-0.04890515614590111,0.11945215611167503,-0.2878094683692512,0.18999915607744897,
head,mid,0.025241334228035508,0.17437099386845725,-0.323500653508879,0.37398332196495,
hear,high,0.021118388063124535,0.09342140400036543,-0.16572441993760634,0.20796119606385538,
hear,low,-0.040468430102760085,0.12062867439171374,-0.28172577888618755,0.2007889186806674,
hear,mid,0.011715522042091413,0.17498114313065463,-0.33824676421921784,0.3616778083034007,
heart,high,0.09703495511387492,0.09773049027978216,-0.0984260254456894,0.29249593567343923,
heart,low,-0.18078698116267278,0.11971213628590775,-0.4202112537344883,0.05863729140914273,
heart,mid,0.07664438045883461,0.1738548025579228,-0.271065224657011,0.4243539855746802,
heavy,high,0.09731260320778849,0.09686273330748175,-0.09641286340717502,0.291038069822752,
heavy,low,-0.16908495656987393,0.11991539813107442,-0.40891575283202275,0.07074583969227491,
heavy,mid,0.06464621930502258,0.17389915905576991,-0.28315209880651726,0.4124445374165624,
here,high,-0.021625281592538948,0.09329717482101546,-0.20821963123456988,0.16496906804949196,
here,low,0.004337809468866616,0.12106712746518801,-0.2377964454615094,0.24647206439924263,
here,mid,0.008231053064859472,0.175241713819494,-0.3422523745741285,0.3587144807038475,
hide,high,0.03280584661970271,0.09410154453532991,-0.15539724245095712,0.22100893569036253,
hide,low,-0.04979949939011889,0.11962462334945154,-0.289048746089022,0.18944974730878417,
hide,mid,0.009394053309427254,0.17428450338801393,-0.3391749534666006,0.35796306008545514,
high,high,-0.014527884422647477,0.09501542397111981,-0.20455873236488709,0.17550296351959216,
high,low,0.007654409820728389,0.12372861379089256,-0.23980281776105672,0.2551116374025135,
high,mid,-0.0029803344234338894,0.17590308804253374,-0.35478651050850135,0.3488258416616336,
hit,high,0.001705100123288195,0.09358347075120958,-0.18546184137913097,0.18887204162570737,
hit,low,-0.024961736737497853,0.12006984395584044,-0.26510142464917874,0.21517795117418304,
hit,mid,0.015535973913437652,0.17473214080611055,-0.33392830769878346,0.36500025552565873,
horn,high,-0.010233588795556033,0.09275314594404171,-0.19573988068363946,0.1752727030925274,
horn,low,0.03427661155210857,0.12200091159412747,-0.20972521163614638,0.2782784347403635,
horn,mid,-0.03669001306562613,0.17587946414807643,-0.388448941361779,0.3150689152305267,
hot,high,0.020479633258779693,0.0939102305821151,-0.16734082790545052,0.2083000944230099,
hot,low,-0.029423203398907118,0.12008762321611414,-0.2695984498311354,0.21075204303332118,
hot,mid,5.363609541751221e-4,0.17506484527893237,-0.3495933296036896,0.3506660515120399,
house,high,-0.020004471669427062,0.09159973375329679,-0.20320393917602064,0.1631949958371665,
house,low,0.024683775047320174,0.11980214411778477,-0.21492051318824937,0.26428806328288973,
house,mid,-0.015567521979487213,0.17497732711526037,-0.36552217621000793,0.33438713225103356,
how,high,-0.08550877654376894,0.08969304253996004,-0.264894861623689,0.09387730853615113,
how,low,0.13942214899348282,0.12011217864608134,-0.10080220829867986,0.3796465062856455,
how,mid,-0.07625386525232317,0.17548761062288126,-0.42722908649808566,0.2747213559934394,
if,high,-0.03748904060347202,0.0950483050391492,-0.22758565068177042,0.15260756947482637,
if,low,0.048038612194378064,0.126516132816937,-0.20499365343949594,0.30107087782825204,
if,mid,-0.02347913528388319,0.17640729604995917,-0.3762937273838015,0.32933545681603515,
in_front_of,high,-0.013357402481425045,0.0943729262587314,-0.20210325499888784,0.17538845003603773,
in_front_of,low,-0.0031310876359527803,0.12470837941976877,-0.25254784647549033,0.24628567120358477,
in_front_of,mid,0.007485589461715247,0.17590542397241946,-0.3443252584831237,0.35929643740655415,
inside,high,0.03699974808984787,0.09604184489984022,-0.15508394170983256,0.2290834378895283,
inside,low,-0.0991203074603201,0.12115849961471742,-0.3414373066897549,0.14319669176911473,
inside,mid,0.05661435997209611,0.17467418129632303,-0.29273400262054994,0.4059627225647422,
kill,high,0.012171299230917304,0.09389990747472036,-0.17562851571852342,0.19997111418035804,
kill,low,-0.011327142067496748,0.11877549496640277,-0.2488781320003023,0.2262238478653088,
kill,mid,-0.010158092497772884,0.17467065332370468,-0.35949939914518225,0.3391832141496365,
knee,high,0.06739203605175162,0.09640339922987953,-0.12541476240800745,0.2601988345115107,
knee,low,-0.1394930941820864,0.12129732791953256,-0.38208775002115153,0.1031015616569787,
knee,mid,0.0661514753681084,0.17492218844155838,-0.28369290151500837,0.41599585225122515,
know,high,-0.017398965074500547,0.09310067681753993,-0.2036003187095804,0.16880238856057933,
know,low,0.017077332225172742,0.11865331548293957,-0.2202292987407064,0.2543839631910519,
know,mid,-0.009933402642423032,0.17455254175883111,-0.35903848616008527,0.3391716808752392,
laugh,high,-0.029520983368397747,0.09162906417449679,-0.21277911171739133,0.15373714498059582,
laugh,low,0.03364239545560515,0.11980785178731759,-0.20597330811903003,0.27325809903024034,
laugh,mid,-0.01540937688906308,0.1744153526122442,-0.36424008211355147,0.3334213283354253,
leaf,high,-0.1332593087744277,0.09055139795635249,-0.31436210468713266,0.04784348713827727,
leaf,low,0.18414983372838398,0.12064871002178419,-0.05714758631518441,0.42544725377195236,
leaf,mid,-0.0785990899816367,0.17612351487291505,-0.4308461197274668,0.27364793976419344,
left,high,-0.06109513793741444,0.092532080149891,-0.24615929823719646,0.12396902236236756,
left,low,0.0871771146082463,0.12312128719508174,-0.15906545978191716,0.3334196889984098,
left,mid,-0.04233305086084619,0.17585689632524043,-0.39404684351132707,0.30938074178963465,
leg_lower,high,-0.04873627229158259,0.09165001505813714,-0.23203630240785686,0.13456375782469168,
leg_lower,low,0.057691401161596906,0.12009146065554387,-0.18249152014949083,0.29787432247268464,
leg_lower,mid,-0.0220548058391326,0.1756624963508745,-0.3733797985408816,0.3292701868626164,
"leg_upper,_thigh",high,0.0027193942783437803,0.09347017511968442,-0.18422095596102506,0.18965974451771261,
"leg_upper,_thigh",low,-0.037098240867902435,0.1196214631298364,-0.2763411671275752,0.20214468539177038,
"leg_upper,_thigh",mid,0.027480901141233097,0.17449014480193828,-0.3214993884626435,0.37646119074510964,
lie_down,high,-0.004090620197897768,0.09399979581865142,-0.19209021183520061,0.18390897143940507,
lie_down,low,1.3040707466185048e-5,0.12222963096579112,-0.24444622122411605,0.24447230263904843,
lie_down,mid,-0.005514360249429798,0.1755679558235767,-0.3566502718965832,0.3456215513977236,
light_not_dark,high,-0.045302920881509355,0.09406705297987072,-0.2334370268412508,0.1428311850782321,
light_not_dark,low,0.042299228674603416,0.12472614941549175,-0.20715307015638007,0.2917515275055869,
light_not_dark,mid,-0.008892447084319112,0.176626072099992,-0.36214459128430315,0.3443596971156649,
light_wgt,high,-0.05834610406070375,0.09479457077262363,-0.247935245605951,0.1312430374845435,
light_wgt,low,0.024331932509465432,0.12372222779380954,-0.22311252307815363,0.2717763880970845,
light_wgt,mid,0.024246011417867835,0.1760157238357088,-0.3277854362535497,0.37627745908928545,
lip,high,0.06895778247668143,0.0972801658796654,-0.12560254928264936,0.26351811423601224,
lip,low,-0.1393907411908563,0.12187276141800503,-0.38313626402686635,0.10435478164515377,
lip,mid,0.06437069411041699,0.1747014501251334,-0.2850322061398498,0.41377359436068384,
live,high,0.04670194906740505,0.0954823483097941,-0.14426274755218316,0.23766664568699325,
live,low,-0.10255669695451719,0.12187224773318561,-0.3463011924208884,0.14118779851185403,
live,mid,0.04997731038760429,0.17516123695437041,-0.30034516352113655,0.4002997842963451,
liver,high,-0.0587697700967823,0.09130750269460955,-0.2413847754860014,0.1238452352924368,
liver,low,0.08569006090657039,0.12060693179241894,-0.1555238026782675,0.32690392449140826,
liver,mid,-0.042932001492456434,0.17537692952425368,-0.3936858605409638,0.30782185755605096,
long,high,-0.024930529130553544,0.0919666782847855,-0.20886388570012454,0.15900282743901745,
long,low,0.038861117136517374,0.12064301616529276,-0.20242491519406813,0.2801471494671029,
long,mid,-0.026133399465519833,0.17571404649277153,-0.3775614924510629,0.3252946935200232,
loud,high,-0.0038879626596985207,0.09670609848099068,-0.19730015962167988,0.18952423430228285,
loud,low,-0.008479489672338221,0.12721866229304366,-0.26291681425842556,0.2459578349137491,
loud,mid,0.003179759156526361,0.17609334857885825,-0.34900693800119015,0.35536645631424285,
louse,high,0.13728615489794935,0.09863103368025795,-0.05997591246256656,0.33454822225846526,
louse,low,-0.22141019926262506,0.11898575659734685,-0.45938171245731874,0.01656131393206864,
louse,mid,0.07420385047252342,0.17410981865307718,-0.2740157868336309,0.4224234877786778,
low,high,-0.009933902905922134,0.09732943274467142,-0.20459276839526497,0.1847249625834207,
low,low,-0.005563735792707398,0.13060434148722314,-0.2667724187671537,0.25564494718173886,
low,mid,0.00616427315550848,0.1766666965155154,-0.3471691198755223,0.3594976661865393,
lung,high,0.013009231372182276,0.09557587387168714,-0.17814251637119202,0.20416097911555656,
lung,low,-0.0780008998169306,0.1219549480291214,-0.3219107958751734,0.16590899624131217,
lung,mid,0.05964699657162233,0.17439990722969692,-0.28915281788777153,0.40844681103101615,
M_fs,high,-0.129711396686649,0.08794544294421948,-0.3056022825750879,0.046179489201789964,
M_fs,low,0.21402161241442497,0.11940137313685653,-0.024781133859288096,0.45282435868813803,
M_fs,mid,-0.1175177088995906,0.17588272991367643,-0.4692831687269434,0.23424775092776226,
M_ms,high,-0.13027129243155477,0.08795462865930971,-0.30618054975017417,0.04563796488706465,
M_ms,low,0.2141359939722313,0.11930705795279667,-0.024478121933362046,0.4527501098778246,
M_ms,mid,-0.1170810320525466,0.17612138522553494,-0.4693238025036165,0.23516173839852328,
man,high,-0.014517925832940424,0.09217548499215684,-0.19886889581725412,0.16983304415137326,
man,low,0.014576505070377263,0.11864700826249008,-0.2227175114546029,0.25187052159535744,
man,mid,-0.010168961469744532,0.17424631174340688,-0.3586615849565583,0.3383236620170692,
many,high,-0.05641970279956448,0.09116204061849455,-0.23874378403655358,0.1259043784374246,
many,low,0.07146851763872529,0.1206057576503568,-0.1697429976619883,0.3126800329394389,
many,mid,-0.029390988371033093,0.1753934268548749,-0.3801778420807829,0.3213958653387167,
maybe,high,-0.042073675194334845,0.09544122314416831,-0.23295612148267147,0.14880877109400176,
maybe,low,0.06169309909733802,0.13075853808655252,-0.19982397707576702,0.32321017527044305,
maybe,mid,-0.03422934635849392,0.17894704225364608,-0.39212343086578605,0.32366473814879826,
MF_fs,high,-0.10901198648239521,0.08836851589192156,-0.28574901826623833,0.0677250453014479,
MF_fs,low,0.20291126189863548,0.12019465941437728,-0.037478056930119075,0.44330058072739004,
MF_fs,mid,-0.1262006431521927,0.1761546129679048,-0.4785098690880023,0.2261085827836169,
MF_ms,high,-0.10916627151257784,0.08690680399449066,-0.2829798795015592,0.06464733647640349,
MF_ms,low,0.20241503314501455,0.12136805909652523,-0.040321085048035915,0.44515115133806504,
MF_ms,mid,-0.125514586298594,0.1773812467819677,-0.48027707986252943,0.22924790726534142,
milk,high,0.15449212167525472,0.10049927067375877,-0.04650641967226282,0.35549066302277227,
milk,low,-0.27376053943987017,0.12138485257962599,-0.5165302445991221,-0.03099083428061819,
milk,mid,0.10641685719536574,0.17451569281007173,-0.2426145284247777,0.4554482428155092,
MM_fs,high,-0.07555628166957969,0.09048510901804732,-0.2565264997056743,0.10541393636651496,
MM_fs,low,0.13506732676455555,0.1205426795239092,-0.10601803228326284,0.37615268581237393,
MM_fs,mid,-0.08177289350094316,0.1758468876603337,-0.43346666882161056,0.2699208818197243,
MM_ms,high,-0.07547326252512218,0.0898110888169051,-0.2550954401589324,0.10414891510868801,
MM_ms,low,0.1352333688430192,0.12056679057621415,-0.1059002123094091,0.3763669499954475,
MM_ms,mid,-0.0820267758019026,0.1756878065061982,-0.433402388814299,0.2693488372104938,
MoB_fs,high,-0.07127962404555505,0.08978575866263415,-0.2508511413708233,0.10829189327971325,
MoB_fs,low,0.13346795021009322,0.11831231534238296,-0.10315668047467269,0.37009258089485914,
MoB_fs,mid,-0.08427734219276303,0.1745973292612618,-0.4334720007152867,0.26491731632976057,
MoB_ms,high,-0.08146379112861225,0.09008987442082779,-0.26164353997026785,0.09871595771304333,
MoB_ms,low,0.15368351470692682,0.12014507560031826,-0.0866066364937097,0.39397366590756333,
MoB_ms,mid,-0.09722043861707097,0.1760100021170518,-0.4492404428511746,0.25479956561703265,
moon,high,-0.05542645005239106,0.09108091675033467,-0.2375882835530604,0.12673538344827828,
moon,low,0.077305580882238,0.11957062039469012,-0.16183565990714222,0.31644682167161825,
moon,mid,-0.03692355135137568,0.17508920716328205,-0.38710196567793975,0.31325486297518845,
mountain,high,0.02387926991727486,0.09397128901169594,-0.16406330810611702,0.21182184794066672,
mountain,low,-0.03632040051991204,0.11884682631379098,-0.274014053147494,0.20137325210766993,
mountain,mid,0.00436523649497428,0.1756059883960503,-0.3468467402971263,0.35557721328707487,
mouth,high,-0.04231133509848404,0.09183428364873898,-0.225979902395962,0.14135723219899393,
mouth,low,0.05918632425923113,0.1202519533330828,-0.1813175824069345,0.29969023092539676,
mouth,mid,-0.030420526926701767,0.1750972796102986,-0.380615086147299,0.31977403229389545,
MoZ_fs,high,-0.08038273580668577,0.09097625813367238,-0.2623352520740305,0.101569780460659,
MoZ_fs,low,0.13151132813251573,0.1228564982484684,-0.11420166836442106,0.37722432462945255,
MoZ_fs,mid,-0.07272601275234704,0.17683515919022103,-0.4263963311327891,0.280944305628095,
MoZ_ms,high,-0.07912193226578777,0.09112952918626921,-0.2613809906383262,0.10313712610675065,
MoZ_ms,low,0.13082657560683814,0.12176901174193883,-0.11271144787703952,0.3743645990907158,
MoZ_ms,mid,-0.07316845732792622,0.17592289114433188,-0.42501423961658996,0.27867732496073755,
MyB_fs,high,-0.08210734785130587,0.08946132879280094,-0.26103000543690774,0.09681530973429602,
MyB_fs,low,0.14595412692634263,0.12118000094184574,-0.09640587495734884,0.38831412881003413,
MyB_fs,mid,-0.08755945569821807,0.1767065389988129,-0.4409725336958439,0.2658536222994077,
MyB_ms,high,-0.09198976280425941,0.08913082767316877,-0.27025141815059694,0.08627189254207812,
MyB_ms,low,0.16548007153668154,0.12124836749727509,-0.07701666345786864,0.4079768065312317,
MyB_ms,mid,-0.09988068470907123,0.1759271612659426,-0.45173500724095644,0.25197363782281396,
MyZ_fs,high,-0.08910627474162147,0.08998523499488668,-0.26907674473139487,0.0908641952481519,
MyZ_fs,low,0.14404263481907714,0.12358641959597332,-0.10313020437286949,0.39121547401102374,
MyZ_fs,mid,-0.07804712566649956,0.177042408290687,-0.43213194224787355,0.2760376909148744,
MyZ_ms,high,-0.08673471824383135,0.09079565304534813,-0.2683260243345276,0.09485658784686492,
MyZ_ms,low,0.14157663388036584,0.122241830843129,-0.10290702780589217,0.38606029556662386,
MyZ_ms,mid,-0.0775672458337242,0.17544658397269364,-0.4284604137791115,0.27332592211166307,
name,high,0.06702339175897637,0.09478860784479656,-0.12255382393061676,0.2566006074485695,
name,low,-0.10428088285612777,0.11813876817320211,-0.340558419202532,0.13199665349027645,
name,mid,0.030564902662818423,0.17423463000645786,-0.3179043573500973,0.37903416267573414,
narrow,high,0.07086513215038558,0.0965060721367164,-0.12214701212304722,0.26387727642381836,
narrow,low,-0.1189971234267735,0.12190760275577743,-0.3628123289383284,0.12481808208478136,
narrow,mid,0.04148486996424978,0.1749786610935207,-0.3084724522227916,0.39144219215129117,
navel,high,0.1687062881628955,0.1000725539293739,-0.0314388196958523,0.3688513960216433,
navel,low,-0.2744684383583411,0.11977058446334828,-0.5140096072850376,-0.034927269431644564,
navel,mid,0.0920844389795526,0.1741023207923805,-0.2561202026052084,0.4402890805643136,
near,high,-0.06422883846882588,0.09136349487998202,-0.24695582822878992,0.11849815129113817,
near,low,0.06765569927213373,0.11989525644025113,-0.17213481360836852,0.307446212152636,
near,mid,-0.016903698504211695,0.17399656586167078,-0.36489683022755326,0.33108943321912987,
neck,high,0.06116127672189126,0.09816883136674324,-0.13517638601159523,0.2574989394553778,
neck,low,-0.18324040624865873,0.12144534533706881,-0.4261310969227964,0.0596502844254789,
neck,mid,0.1162697958988502,0.17497238702942788,-0.23367497816000557,0.46621456995770594,
new,high,0.016448869892561273,0.09250621819591237,-0.16856356649926346,0.20146130628438602,
new,low,-0.01227596596794687,0.11896867535047659,-0.25021331666890007,0.22566138473300631,
new,mid,-0.013632879549178693,0.17451678976119317,-0.36266645907156503,0.33540069997320765,
night,high,0.11733144874044969,0.09761828489217735,-0.077905121043905,0.31256801852480437,
night,low,-0.1703815200492071,0.11846512602992962,-0.40731177210906633,0.06654873201065215,
night,mid,0.04467459008522498,0.17399476935295344,-0.30331494862068187,0.3926641287911319,
nine,high,-0.027248176004319447,0.09374593013523562,-0.21474003627479069,0.1602436842661518,
nine,low,0.03816533394436628,0.12300105081637841,-0.20783676768839054,0.2841674355771231,
nine,mid,-0.023041695914309733,0.17529321743365806,-0.3736281307816258,0.3275447389530064,
nipple,high,0.10900146968355884,0.09971349582823659,-0.09042552197291434,0.308428461340032,
nipple,low,-0.19463757959621675,0.12775221721752855,-0.45014201403127385,0.060866854838840356,
nipple,mid,0.07725371115539088,0.1757695955186054,-0.27428547988181995,0.4287929021926017,
nose,high,0.1818443154522686,0.10158774454676507,-0.021331173641261553,0.38501980454579876,
nose,low,-0.29484215437252365,0.11732145293937689,-0.5294850602512774,-0.06019924849376987,
nose,mid,0.09755454567110902,0.1734318987486181,-0.2493092518261272,0.4444183431683453,
not,high,-0.11713736449170968,0.08983014270415003,-0.29679764990000973,0.06252292091659038,
not,low,0.1803740802927189,0.12116848581093646,-0.06196289132915403,0.4227110519145918,
not,mid,-0.09095931095097864,0.17637606894794614,-0.4437114488468709,0.2617928269449136,
nothing,high,-0.062446310411275296,0.09269641542428364,-0.24783914125984258,0.12294652043729198,
nothing,low,0.11720301775811971,0.12463818095837194,-0.13207334415862415,0.3664793796748636,
nothing,mid,-0.07533840704166503,0.17739133550430386,-0.4301210780502728,0.27944426396694266,
now,high,-0.11996739949743332,0.08910645804638807,-0.29818031559020947,0.05824551659534283,
now,low,0.17891649515599337,0.12051287755513701,-0.062109259954280654,0.4199422502662674,
now,mid,-0.0861870294815159,0.175599312352065,-0.4373856541856459,0.2650115952226141,
oB_fs,high,-0.06133579570700608,0.09035260311462126,-0.2420410019362486,0.11936941052223644,
oB_fs,low,0.10561978170434619,0.1177791105155792,-0.1299384393268122,0.3411780027355046,
oB_fs,mid,-0.06274984091765862,0.17521836346286052,-0.41318656784337965,0.2876868860080624,
oB_ms,high,-0.07224536367963331,0.0895937148956401,-0.2514327934709135,0.10694206611164687,
oB_ms,low,0.11862807365143185,0.12104535040747502,-0.12346262716351819,0.3607187744663819,
oB_ms,mid,-0.06632931683028896,0.17652015735474474,-0.41936963153977846,0.2867109978792005,
oBD_fs,high,-0.0014954628157660354,0.09415763216613238,-0.1898107271480308,0.1868198015164987,
oBD_fs,low,-0.004930856783563275,0.12481264285797217,-0.2545561424995076,0.24469442893238105,
oBD_fs,mid,-0.0030375506151982426,0.1764925721280332,-0.35602269487126464,0.3499475936408682,
oBD_ms,high,-0.006080790659346298,0.09648207171133158,-0.19904493408200946,0.18688335276331686,
oBD_ms,low,0.006477323493463154,0.12469624666458345,-0.24291516983570374,0.25586981682263005,
oBD_ms,mid,-0.010702506981104887,0.17640107511180902,-0.3635046572047229,0.3420996432425132,
oBS_fs,high,-0.0015392689573884078,0.09420745849366989,-0.18995418594472818,0.18687564802995138,
oBS_fs,low,2.2622340590773527e-4,0.12456915284215724,-0.24891208227840675,0.2493645290902222,
oBS_fs,mid,-0.008556509842794722,0.17596899861176626,-0.36049450706632724,0.3433814873807378,
oBS_ms,high,-0.007993305587393983,0.09480175143659125,-0.19759680846057648,0.18161019728578853,
oBS_ms,low,0.009901392899587254,0.12275380727706824,-0.23560622165454922,0.25540900745372375,
oBS_ms,mid,-0.01219453576874809,0.17489491383978883,-0.36198436344832574,0.3375952919108296,
old_an,high,-0.013300264723631307,0.09183947569798379,-0.19697921611959887,0.17037868667233627,
old_an,low,0.02631701981412598,0.11991462246001577,-0.21351222510590556,0.26614626473415753,
old_an,mid,-0.02441400878237028,0.17450893285449326,-0.3734318744913568,0.32460385692661625,
old_inan,high,-0.0070019057335607895,0.09258102723618214,-0.19216396020592508,0.17816014873880348,
old_inan,low,0.015607709000477568,0.11983663528067327,-0.224065561560869,0.2552809795618241,
old_inan,mid,-0.01930896813907105,0.17473097777735316,-0.3687709236937774,0.33015298741563526,
old_man,high,0.002254359971464657,0.09610246287326497,-0.18995056577506528,0.19445928571799462,
old_man,low,-0.0150893929615459,0.1241222436052846,-0.26333388017211506,0.23315509424902328,
old_man,mid,0.004020174780091524,0.17600790777405917,-0.3479956407680268,0.3560359903282099,
old_woman,high,0.008623948760767006,0.09573596907280991,-0.18284798938485283,0.20009588690638683,
old_woman,low,-0.039511720881360186,0.1278177101432617,-0.2951471411678836,0.21612369940516324,
old_woman,mid,0.023379535545563036,0.17614264289443088,-0.3289057502432987,0.3756648213344248,
one,high,0.016047453525333925,0.09397227485548171,-0.17189709618562948,0.20399200323629735,
one,low,-0.07919333478703032,0.1196140497348024,-0.3184214342566351,0.1600347646825745,
one,mid,0.0578709541777314,0.17455981612215635,-0.2912486780665813,0.4069905864220441,
other,high,-0.0525949522865299,0.09454399214557871,-0.2416829365776873,0.13649303200462753,
other,low,0.07149889465951072,0.12545726902080398,-0.17941564338209726,0.32241343270111866,
other,mid,-0.03380064630098628,0.1767709696268782,-0.38734258555474266,0.3197412929527701,
outside,high,-0.11107965852779456,0.08889035669619814,-0.2888603719201909,0.06670105486460173,
outside,low,0.18245747834696477,0.12242088072726608,-0.062384283107567384,0.4272992398014969,
outside,mid,-0.09984758401177038,0.17729781288695243,-0.4544432097856752,0.2547480417621345,
oZ_fs,high,-0.03978420063039974,0.0908693271171392,-0.22152285486467815,0.14195445360387865,
oZ_fs,low,0.0760070256043268,0.11851466295835351,-0.16102230031238024,0.3130363515210338,
oZ_fs,mid,-0.051847054710962535,0.1744717088939675,-0.4007904724988975,0.29709636307697246,
oZ_ms,high,-0.04227952795280773,0.09145577622557344,-0.2251910804039546,0.14063202449833914,
oZ_ms,low,0.06052924618261924,0.11889106388187204,-0.17725288158112484,0.2983113739463633,
oZ_ms,mid,-0.03187248081892223,0.1748136934281712,-0.38149986767526467,0.3177549060374202,
oZD_fs,high,-0.008817565471450678,0.09522959010555612,-0.19927674568256293,0.18164161473966156,
oZD_fs,low,0.003467773754641462,0.1237645139381905,-0.24406125412173954,0.25099680163102245,
oZD_fs,mid,-0.004377300215220574,0.17527424402559463,-0.35492578826640986,0.3461711878359687,
oZD_ms,high,-0.0111319359614,0.0942332036901592,-0.1995983433417184,0.1773344714189184,
oZD_ms,low,0.013461886821703519,0.12350315335577146,-0.2335444198898394,0.26046819353324646,
oZD_ms,mid,-0.012893836262115667,0.1763091827948751,-0.36551220185186584,0.33972452932763453,
oZS_fs,high,-0.013798777445418235,0.09405252884913104,-0.20190383514368032,0.17430628025284384,
oZS_fs,low,0.014916619099862544,0.12431853869616989,-0.23372045829247723,0.26355369649220234,
oZS_fs,mid,-0.011695138227580802,0.17622980986405096,-0.3641547579556827,0.34076448150052113,
oZS_ms,high,-0.027803269555757605,0.09216263950642505,-0.2121285485686077,0.1565220094570925,
oZS_ms,low,0.04990180238763116,0.12329329882705663,-0.19668479526648208,0.2964884000417444,
oZS_ms,mid,-0.03551727910208808,0.17610465762109742,-0.3877265943442829,0.31669203614010677,
part,high,0.011163018947669407,0.09881495832326372,-0.18646689769885802,0.20879293559419684,
part,low,-0.035314017231268285,0.13040031907850438,-0.2961146553882771,0.22548662092574048,
part,mid,0.015980982027281203,0.1770108772147789,-0.3380407724022766,0.370002736456839,
path,high,-0.0029047453662612755,0.09388715457966765,-0.19067905452559658,0.184869563793074,
path,low,-0.018752785472609026,0.12102301523959669,-0.2607988159518024,0.22329324500658435,
path,mid,0.013608423098008256,0.1752460603707749,-0.33688369764354154,0.36410054383955803,
penis,high,0.11334354882312134,0.09908656683530405,-0.08482958484748676,0.31151668249372944,
penis,low,-0.23395649265903415,0.12203236543108967,-0.47802122352121346,0.010108238203145187,
penis,mid,0.11156440802761958,0.17416818285178293,-0.23677195767594628,0.45990077373118543,
person,high,0.035382891843353546,0.0960830921595802,-0.15678329247580686,0.22754907616251396,
person,low,-0.06884160768945302,0.12120618764952075,-0.3112539829884945,0.17357076760958848,
person,mid,0.02667566737810072,0.1753354774432032,-0.3239952875083057,0.37734662226450716,
pointy,high,0.06574859106811153,0.10003677046113102,-0.1343249498541505,0.2658221319903736,
pointy,low,-0.13374093155074537,0.13119941109207922,-0.39613975373490384,0.12865789063341307,
pointy,mid,0.061434354405631705,0.17571676157613944,-0.28999916874664716,0.4128678775579106,
quick,high,-0.05970150179894658,0.09138441158913202,-0.2424703249772106,0.12306732137931746,
quick,low,0.08931363123513876,0.12283398558463154,-0.15635433993412434,0.33498160240440183,
quick,mid,-0.046136402758741736,0.17554825301386495,-0.39723290878647166,0.30496010326898815,
quiet,high,-0.009130839572430506,0.09347368835159808,-0.19607821627562666,0.17781653713076567,
quiet,low,0.03836857554798829,0.12466597750313042,-0.21096337945827257,0.28770053055424916,
quiet,mid,-0.04254158452319444,0.17589517200116234,-0.3943319285255191,0.3092487594791302,
rain,high,0.03167505973840729,0.09569063304463435,-0.1597062063508614,0.22305632582767598,
rain,low,-0.08172108140182842,0.11996299420366412,-0.32164706980915664,0.15820490700549983,
rain,mid,0.04415221033666542,0.175000040682766,-0.30584787102886657,0.39415229170219745,
raw,high,0.008250857414972404,0.09481011289785321,-0.18136936838073403,0.1978710832106788,
raw,low,-0.0030430654634283363,0.12479853402101718,-0.2526401335054627,0.24655400257860602,
raw,mid,-0.015410211158309912,0.17648755550623638,-0.3683853221707827,0.3375648998541628,
red,high,0.018815926593065958,0.09406716886070728,-0.16931841112834858,0.20695026431448052,
red,low,-0.039042503819574456,0.12128942207758191,-0.28162134797473826,0.20353634033558937,
red,mid,0.012596510065441468,0.1747008723122964,-0.3368052345591513,0.36199825469003427,
right,high,-0.020904561511646352,0.09292231391559432,-0.20674918934283498,0.16494006631954228,
right,low,0.04544772403451304,0.12376364364362949,-0.20207956325274595,0.292975011321772,
right,mid,-0.0378763663612581,0.17600841836069087,-0.38989320308263986,0.3141404703601236,
ripe,high,0.048678792546458044,0.09547839441532717,-0.1422779962841963,0.23963558137711238,
ripe,low,-0.08607531081045214,0.1211303508252386,-0.32833601246092936,0.15618539084002506,
ripe,mid,0.030837013170343038,0.1743074159875309,-0.3177778188047188,0.37945184514540486,
river,high,-0.011768698319030844,0.09255085774892767,-0.1968704138168862,0.1733330171788245,
river,low,-0.007018166924066496,0.1204042996211611,-0.2478267661663887,0.2337904323182557,
river,mid,0.010293084298094526,0.17518229788959752,-0.34007151148110054,0.36065768007728954,
root,high,0.058072701808510735,0.09559999312425074,-0.13312728443999075,0.24927268805701222,
root,low,-0.06546214409318467,0.11998521975720465,-0.30543258360759395,0.17450829542122465,
root,mid,-9.430856875683492e-4,0.17522600062598048,-0.3513950869395293,0.3495089155643926,
rope,high,0.039856205922310685,0.09481461827762488,-0.1497730306329391,0.22948544247756045,
rope,low,-0.06572256347679578,0.12231412166236329,-0.3103508068015224,0.1789056798479308,
rope,mid,0.01865769570234568,0.17530621178258632,-0.331954727862827,0.3692701192675183,
rotten,high,0.09356948479494125,0.09697601273859001,-0.10038254068223877,0.28752151027212125,
rotten,low,-0.17052647449841513,0.12167243589106103,-0.4138713462805372,0.07281839728370693,
rotten,mid,0.06993913792522201,0.17452282749841108,-0.27910651707160017,0.41898479292204416,
rough,high,-0.035910545553841385,0.09424655587954564,-0.22440365731293266,0.1525825662052499,
rough,low,0.061166878278633485,0.12703437100899742,-0.19290186373936136,0.3152356202966283,
rough,mid,-0.03982048475059965,0.17700876834043588,-0.3938380214314714,0.31419705193027214,
round,high,0.112719633967727,0.09916966613204695,-0.0856196982963669,0.3110589662318209,
round,low,-0.2291348046838368,0.12264646239354253,-0.4744277294709218,0.01615812010324827,
round,mid,0.10751119136243643,0.17428751883465668,-0.24106384630687694,0.4560862290317498,
run,high,-0.010889443269985057,0.0922676477377023,-0.19542473874538965,0.17364585220541953,
run,low,0.008928234885105073,0.11937171271395934,-0.2298151905428136,0.24767166031302376,
run,mid,-0.007868463954720687,0.17473195778157632,-0.35733237951787333,0.34159545160843197,
S_fs,high,-0.03844103009190687,0.0914081350884512,-0.2212573002688093,0.14437524008499553,
S_fs,low,0.0576120248757242,0.12053768556368517,-0.18346334625164615,0.2986873960030946,
S_fs,mid,-0.03280704459494981,0.17628350443426125,-0.3853740534634723,0.31975996427357267,
S_ms,high,-0.03388839602334789,0.09095116085652044,-0.21579071773638878,0.148013925689693,
S_ms,low,0.04860878063868548,0.1188514808938924,-0.18909418114909932,0.2863117424264703,
S_ms,mid,-0.02733218015523003,0.17420750753149478,-0.3757471952182196,0.3210828349077595,
sad,high,0.0043366807306779165,0.09517332785520154,-0.18600997497972516,0.194683336441081,
sad,low,5.990523096675828e-4,0.12472033249382075,-0.24884161267797392,0.25003971729730906,
sad,mid,-0.015289376254411423,0.1769598857190289,-0.3692091476924692,0.3386303951836464,
salty,high,0.003395944725795973,0.09288820437661464,-0.18238046402743333,0.18917235347902525,
salty,low,0.006689435491515465,0.12056146897117946,-0.23443350245084346,0.24781237343387438,
salty,mid,-0.020580550316535082,0.174893499482869,-0.3703675492822731,0.3292064486492029,
same,high,-0.025083446207278464,0.09639915254404972,-0.2178817512953779,0.167714858880821,
same,low,0.03126166234776851,0.12946920263803025,-0.227676742928292,0.290200067623829,
same,mid,-0.018118264573529618,0.17695384672755277,-0.37202595802863514,0.3357894288815759,
sand,high,-0.026529287825732144,0.09056918050134369,-0.2076676488284195,0.15460907317695524,
sand,low,0.07540656711392034,0.12089094546548583,-0.16637532381705133,0.317188458044892,
sand,mid,-0.06544661903681798,0.17587248421783205,-0.4171915874724821,0.28629834939884613,
say,high,-0.03184871414930255,0.09261746693642799,-0.21708364802215852,0.15338621972355343,
say,low,0.036602330772509906,0.12076543640356448,-0.20492854203461905,0.2781332035796389,
say,mid,-0.01643322259063904,0.17628183618405469,-0.36899689495874843,0.3361304497774703,
SD_fs,high,-0.005070025121702546,0.09332288063567795,-0.19171578639305845,0.18157573614965336,
SD_fs,low,0.009804324687263262,0.12371327717297544,-0.23762222965868762,0.2572308790332141,
SD_fs,mid,-0.01531725429739432,0.1771131648083313,-0.36954358391405695,0.3389090753192683,
SD_ms,high,0.014053218859498107,0.09416655278378688,-0.17427988670807565,0.20238632442707188,
SD_ms,low,-0.027578146722500484,0.12193232095896413,-0.27144278864042876,0.21628649519542778,
SD_ms,mid,0.005264057399761502,0.1750030716595106,-0.3447420859192597,0.3552702007187827,
sea,high,-0.03901154193614186,0.09131041520782383,-0.22163237235178954,0.1436092884795058,
sea,low,0.07300272510184683,0.12292837401590408,-0.17285402292996133,0.318859473133655,
sea,mid,-0.04957386630902935,0.17639755311395486,-0.40236897253693904,0.3032212399188804,
see,high,0.03627600988591612,0.09675557014441503,-0.15723513040291395,0.22978715017474619,
see,low,-0.124698789158913,0.12046454499657884,-0.3656278791520707,0.11623030083424468,
see,mid,0.0835749240581581,0.1743569372474196,-0.2651389504366811,0.4322887985529973,
seed,high,0.04625255923763308,0.09666013575524901,-0.14706771227286494,0.2395728307481311,
seed,low,-0.10776335661276934,0.12254937374036115,-0.3528621040934916,0.13733539086795296,
seed,mid,0.055746018858770306,0.17535758769944007,-0.29496915654010986,0.4064611942576504,
semen,high,0.06418035638069315,0.10201499418683549,-0.13984963199297784,0.2682103447543641,
semen,low,-0.13646949676879858,0.13564652469857735,-0.4077625461659533,0.13482355262835613,
semen,mid,0.06544061980130726,0.17807040496013074,-0.2907001901189542,0.42158142972156876,
seven,high,0.0258612822043219,0.09493130923625273,-0.16400133626818356,0.21572390067682737,
seven,low,-0.0250469859931992,0.12051941672975747,-0.26608581945271415,0.21599184746631572,
seven,mid,-0.009897579984534352,0.17428938504227695,-0.35847635006908823,0.33868119010001957,
shadow,high,0.027553619878644638,0.09455109632332641,-0.1615485727680082,0.21665581252529745,
shadow,low,-0.01379252272456655,0.11885512097223373,-0.25150276466903404,0.22391771921990092,
shadow,mid,-0.02387014568690389,0.17434336770829417,-0.3725568811034922,0.32481658972968447,
shallow,high,-0.0356476503491403,0.09570897020106528,-0.22706559075127086,0.15577029005299026,
shallow,low,0.03126040101499475,0.1296062040335802,-0.22795200705216564,0.2904728090821551,
shallow,mid,-0.007056406045406282,0.1770110453693271,-0.3610784967840605,0.3469656846932479,
sharp,high,-0.0018038114065418982,0.09345327677888463,-0.18871036496431115,0.18510274215122735,
sharp,low,-0.004772919514772013,0.12254973003916167,-0.24987237959309536,0.24032654056355132,
sharp,mid,-0.002718207252512924,0.175701555402409,-0.35412131805733094,0.3486849035523051,
short,high,0.08504145300424326,0.09804098686115635,-0.11104052071806944,0.281123426726556,
short,low,-0.1750054030613665,0.12060788448154296,-0.4162211720244524,0.06621036590171941,
short,mid,0.08343254459518168,0.17390399774906384,-0.264375450902946,0.43124054009330937,
sit,high,0.002512439969072665,0.09342139035264913,-0.1843303407362256,0.1893552206743709,
sit,low,-7.370486588100155e-5,0.12036824697369719,-0.2408101988132754,0.24066278908151337,
sit,mid,-0.01228586829716763,0.17532962325244417,-0.36294511480205593,0.33837337820772073,
six,high,-0.03195882851311985,0.09175642486223072,-0.2154716782375813,0.1515540212113416,
six,low,0.05643710059628326,0.12153832333841438,-0.1866395460805455,0.29951374727311203,
six,mid,-0.03834832359420323,0.17605573827049,-0.3904598001351832,0.3137631529467768,
skin,high,-0.0011270983113281128,0.09370589688406993,-0.18853889207946797,0.18628469545681173,
skin,low,-0.014628363122494256,0.12143479014653667,-0.2574979434155676,0.2282412171705791,
skin,mid,0.007299085319228449,0.17531649692565823,-0.343333908532088,0.3579320791705449,
sky,high,-0.05936860825093318,0.09023820807076621,-0.2398450243924656,0.12110780789059925,
sky,low,0.08201101954091307,0.12085192738950895,-0.15969283523810485,0.32371487431993096,
sky,mid,-0.038096727788478973,0.1749011073475494,-0.3878989424835778,0.3117054869066198,
sleep,high,0.04116896868249256,0.09377034851789175,-0.14637172835329093,0.22870966571827606,
sleep,low,-0.055481284181927874,0.11884384804815762,-0.2931689802782431,0.18220641191438736,
sleep,mid,0.0066350392201755095,0.17404071653337036,-0.3414463938465652,0.3547164722869162,
slow,high,-0.025791521818255673,0.09350899493760549,-0.21280951169346665,0.1612264680569553,
slow,low,0.039900286217174216,0.1224289312196939,-0.2049575762222136,0.284758148656562,
slow,mid,-0.026419988650400576,0.1746473794062655,-0.3757147474629316,0.32287477016213045,
small,high,0.06562832629469939,0.09491513979759401,-0.12420195330048864,0.25545860588988745,
small,low,-0.10744720442274382,0.1177508590523558,-0.3429489225274554,0.1280545136819678,
small,mid,0.03541746380391165,0.17315236867028327,-0.3108872735366549,0.3817222011444782,
smell,high,0.047469370553612354,0.09503148124452933,-0.1425935919354463,0.23753233304267102,
smell,low,-0.03924912311804032,0.12069482642271198,-0.28063877596346426,0.20214052972738364,
smell,mid,-0.017738209862214936,0.17553500937463232,-0.36880822861147955,0.3333318088870497,
smoke,high,0.1300034450990451,0.09805060522668106,-0.06609776535431702,0.3261046555524072,
smoke,low,-0.20786973471062076,0.12000047043749991,-0.44787067558562055,0.03213120616437906,
smoke,mid,0.06851057653760081,0.17515986809742481,-0.28180915965724884,0.4188303127324504,
smooth,high,0.021711495783942998,0.09602219183379641,-0.17033288788364984,0.21375587945153582,
smooth,low,-0.04114062416505041,0.12248560390956693,-0.2861118319841843,0.20383058365408346,
smooth,mid,0.011683088185279772,0.17455900808720068,-0.33743492798912156,0.36080110435968116,
sneeze,high,0.05821583805819807,0.0955989917862492,-0.13298214551430032,0.24941382163069648,
sneeze,low,-0.022023661444953883,0.11906555295723967,-0.2601547673594332,0.21610744446952546,
sneeze,mid,-0.04814260909104195,0.17565543318004995,-0.39945347545114185,0.30316825726905794,
snore,high,-0.039114540480946466,0.0948823730837282,-0.22887928664840285,0.15065020568650994,
snore,low,0.006428269609390902,0.12684339042131393,-0.24725851123323694,0.26011505045201877,
snore,mid,0.023641516152421133,0.17772641286444907,-0.331811309576477,0.3790943418813193,
soft,high,-0.0017885455440978383,0.09318299262795136,-0.18815453080000055,0.1845774397118049,
soft,low,-0.012931611938947984,0.12299098582258654,-0.2589135835841211,0.2330503597062251,
soft,mid,0.006028631541260315,0.17661353887158773,-0.34719844620191515,0.3592557092844358,
some,high,-0.08059256229841243,0.09242575427913297,-0.26544407085667837,0.1042589462598535,
some,low,0.14970305157709815,0.12470090138847528,-0.09969875119985241,0.39910485435404874,
some,mid,-0.09376893969152224,0.17698239553393494,-0.4477337307593921,0.26019585137634765,
sour,high,-0.035743858680971546,0.09323267681003317,-0.22220921230103788,0.15072149493909479,
sour,low,0.11706472701359795,0.12341966968239845,-0.12977461235119897,0.36390406637839484,
sour,mid,-0.10372611284789841,0.17663947413102263,-0.45700506110994366,0.24955283541414686,
spit,high,0.08525701526024392,0.09630846650665047,-0.10735991775305702,0.27787394827354484,
spit,low,-0.13059869628653162,0.11891700743486266,-0.368432711156257,0.10723531858319371,
spit,mid,0.03836566270674441,0.17374411007757787,-0.30912255744841133,0.38585388286190014,
SS_fs,high,-0.03434581387137657,0.09221760372938202,-0.2187810213301406,0.1500893935873875,
SS_fs,low,0.06933625429185251,0.12316831621562907,-0.1770003781394056,0.31567288672311067,
SS_fs,mid,-0.05040596781814036,0.1762729896990596,-0.4029519472162596,0.30214001157997883,
SS_ms,high,-0.014655213463968001,0.09273818023046906,-0.20013157392490613,0.17082114699697012,
SS_ms,low,0.03295895757841602,0.12127997529439224,-0.20960099301036847,0.2755189081672005,
SS_ms,mid,-0.030433102518788325,0.17485097849062703,-0.3801350595000424,0.3192688544624657,
stand,high,0.03709446245161717,0.09441861684664454,-0.1517427712416719,0.22593169614490627,
stand,low,-0.03553924450644568,0.11906322280933597,-0.2736656901251176,0.20258720111222625,
stand,mid,-0.01048102792107159,0.17455714143451043,-0.35959531079009244,0.33863325494794927,
star,high,0.05470566480298363,0.09663791639524671,-0.1385701679875098,0.24798149759347707,
star,low,-0.12527548741166908,0.11987456475320825,-0.3650246169180856,0.11447364209474742,
star,mid,0.0651377833004518,0.17284357002286707,-0.28054935674528236,0.4108249233461859,
stone,high,-0.038850745434460716,0.09006296833533624,-0.21897668210513319,0.14127519123621177,
stone,low,0.0629847958695,0.11979160740512701,-0.176598418940754,0.30256801067975403,
stone,mid,-0.0382686994106081,0.17561288148328602,-0.38949446237718016,0.3129570635559639,
straight,high,0.04406125119490352,0.09503848767951877,-0.146015724164134,0.23413822655394106,
straight,low,-0.08597780675274301,0.12208050709489834,-0.3301388209425397,0.15818320743705366,
straight,mid,0.03557713801838825,0.17436259099651558,-0.3131480439746429,0.3843023200114194,
strong,high,0.01977454718954562,0.0931357304758106,-0.1664969137620756,0.2060460081411668,
strong,low,-0.03756373472543487,0.11940540475994536,-0.2763745442453256,0.20124707479445586,
strong,mid,0.010085290586498279,0.17489693377998744,-0.3397085769734766,0.35987915814647314,
suck,high,0.1552191755297951,0.101022265617464,-0.04682535570513288,0.3572637067647231,
suck,low,-0.27206183621696356,0.12263734738468218,-0.5173365309863279,-0.026787141447599194,
suck,mid,0.10392748016072614,0.17494134267552683,-0.24595520519032751,0.4538101655117798,
sun,high,-0.007515142885747594,0.09198542317673913,-0.19148598923922586,0.17645570346773068,
sun,low,0.019245698024205494,0.11950601580451006,-0.21976633358481462,0.25825772963322563,
sun,mid,-0.022762423141880265,0.17498040577476232,-0.3727232346914049,0.32719838840764437,
sweat,high,0.012235628863551541,0.0937150964170825,-0.17519456397061348,0.19966582169771654,
sweat,low,-0.016722984725523738,0.11995473423540029,-0.25663245319632433,0.22318648374527683,
sweat,mid,-0.004417214450588586,0.17467466712047558,-0.35376654869153973,0.3449321197903626,
sweet,high,0.009412061178144375,0.09461907908043238,-0.17982609698272037,0.19865021933900914,
sweet,low,-0.005446254410209526,0.12267554901456225,-0.25079735243933404,0.23990484361891498,
sweet,mid,-0.013838641401772765,0.17509448982788425,-0.3640276210575413,0.33635033825399574,
swim,high,0.02000662502041654,0.09389717138791591,-0.1677877177554153,0.20780096779624835,
swim,low,-0.0349173776591971,0.1206756763073684,-0.2762687302739339,0.20643397495553972,
swim,mid,0.006925803854990011,0.17499639428618785,-0.34306698471738567,0.35691859242736573,
tail,high,0.11049276840533954,0.09816408675676715,-0.08583540510819475,0.3068209419188738,
tail,low,-0.17565306260435734,0.11952207844464384,-0.414697219493645,0.06339109428493034,
tail,mid,0.057211798304937084,0.17438347669216,-0.2915551550793829,0.4059787516892571,
take,high,-0.022451751105195955,0.09259577326556666,-0.20764329763632927,0.16273979542593736,
take,low,0.02149765808403973,0.12013900639652494,-0.21878035470901017,0.26177567087708964,
take,mid,-0.009520430734565922,0.17467634080324246,-0.35887311234105085,0.339832250871919,
taste,high,-0.1105693483325198,0.09186037739608624,-0.2942901031246923,0.07315140645965268,
taste,low,0.16720655018395097,0.12475081774326353,-0.0822950853025761,0.41670818567047807,
taste,mid,-0.08251009844473732,0.17547575330022808,-0.4334616050451935,0.2684414081557188,
ten,high,0.03635245006396575,0.09607945345320322,-0.15580645684244068,0.2285113569703722,
ten,low,-0.08239397183774831,0.12144623785354211,-0.32528644754483255,0.1604985038693359,
ten,mid,0.03990303124796983,0.1747626422385195,-0.30962225322906917,0.38942831572500886,
testicle,high,0.03497371081497309,0.09799972183166868,-0.16102573284836427,0.23097315447831043,
testicle,low,-0.106583118865337,0.12494828637802996,-0.3564796916213969,0.14331345389072292,
testicle,mid,0.06613672192269313,0.17546128694886437,-0.2847858519750356,0.4170592958204219,
that,high,-0.002588450611588751,0.09437772614139182,-0.1913439028943724,0.1861670016711949,
that,low,-0.04606014028083011,0.12114663967393606,-0.2883534196287022,0.196233139067042,
that,mid,0.04236479020088021,0.17504407776405076,-0.30772336532722133,0.3924529457289817,
that_yonder,high,-0.02908918011997081,0.09397681175872938,-0.21704280363742956,0.15886444339748795,
that_yonder,low,0.01373305285495533,0.12130052188466367,-0.22886799091437202,0.2563340966242827,
that_yonder,mid,0.0057416202874870865,0.1755385518659169,-0.3453354834443467,0.3568187240193209,
then,high,-0.0646169613095191,0.09382024513325615,-0.2522574515760314,0.1230235289569932,
then,low,0.07080678722765603,0.12785621252739798,-0.18490563782713992,0.326519212282452,
then,mid,-0.020618838868021985,0.177712903301509,-0.37604464547103994,0.334806967734996,
there,high,0.014229710375483384,0.09614483040630116,-0.17805995043711895,0.2065193711880857,
there,low,-0.07986591942932109,0.12390103349096232,-0.3276679864112457,0.16793614755260355,
there,mid,0.06013599046535892,0.1758054585153262,-0.2914749265652935,0.4117469074960113,
there_yonder,high,0.0014716144659759106,0.0952940979864827,-0.18911658150698948,0.1920598104389413,
there_yonder,low,-0.05832455639678988,0.12391956411300194,-0.30616368462279375,0.189514571829214,
there_yonder,mid,0.05086721457422685,0.17600411899139184,-0.30114102340855686,0.4028754525570105,
thick,high,0.060891115547442726,0.09754202155193219,-0.13419292755642165,0.2559751586513071,
thick,low,-0.10794506061367302,0.12268044336804107,-0.3533059473497552,0.1374158261224091,
thick,mid,0.04049642989807227,0.17574371922421408,-0.3109910085503559,0.39198386834650045,
thin,high,-0.05388942866547197,0.09230551277591996,-0.2385004542173119,0.13072159688636795,
thin,low,0.08733240048830443,0.12058699388487816,-0.1538415872814519,0.3285063882580608,
thin,mid,-0.04996292959932105,0.17554050024078915,-0.40104393008089934,0.3011180708822573,
think,high,-0.008792826675069133,0.09285988081607417,-0.1945125883072175,0.1769269349570792,
think,low,-0.003075275077844706,0.1197499967946706,-0.24257526866718593,0.2364247185114965,
think,mid,0.0029758646677330108,0.17454938867990813,-0.34612291269208323,0.3520746420275493,
this,high,0.030450741221887304,0.09559466478756252,-0.16073858835323773,0.22164007079701237,
this,low,-0.06473494452864366,0.12086562219628431,-0.3064661889212123,0.17699629986392496,
this,mid,0.027628237821466787,0.17429968011764463,-0.3209711224138225,0.37622759805675604,
three,high,0.005027922266856169,0.09286644347537075,-0.18070496468388533,0.19076080921759767,
three,low,-0.004260523471441056,0.11801621003517582,-0.2402929435417927,0.23177189659891057,
three,mid,-0.01019641288835897,0.17412206537172825,-0.3584405436318155,0.3380477178550975,
throat,high,0.06773337341079451,0.09967873188240718,-0.13162409035401984,0.2670908371756089,
throat,low,-0.19426338035766552,0.12175728928616929,-0.4377779589300041,0.04925119821467305,
throat,mid,0.12029511214215498,0.17430386703835943,-0.22831262193456386,0.46890284621887385,
thunder,high,0.04872433100482415,0.09565654060629963,-0.14258875020777512,0.24003741221742342,
thunder,low,-0.05746643009147917,0.11985424868679105,-0.29717492746506124,0.18224206728210293,
thunder,mid,5.695138350367994e-4,0.1746078458325707,-0.3486461778301046,0.34978520550017816,
tie,high,0.06515323517099993,0.09494310866439014,-0.12473298215778035,0.2550394524997802,
tie,low,-0.08052259303298565,0.11965313613661463,-0.3198288653062149,0.1587836792402436,
tie,mid,0.007509600361119365,0.17511801883474704,-0.3427264373083747,0.35774563803061343,
toe,high,0.049940094689872004,0.0964013063824438,-0.1428625180750156,0.24274270745475962,
toe,low,-0.11263518670694167,0.12524045834875452,-0.3631161034044507,0.13784572999056738,
toe,mid,0.05680194437851208,0.17523600174280068,-0.29367005910708927,0.4072739478641135,
tongue,high,-0.018727343594633766,0.09499166424086104,-0.20871067207635585,0.17125598488708832,
tongue,low,-0.03619313597634326,0.11950729915382073,-0.2752077342839847,0.20282146233129822,
tongue,mid,0.04868357457873348,0.17404102224988097,-0.2993984699210285,0.3967656190784954,
tooth,high,0.09094892669858048,0.0966846524674536,-0.10242037823632671,0.2843182316334877,
tooth,low,-0.15503045372742222,0.11868540912398948,-0.3924012719754012,0.08234036452055674,
tooth,mid,0.05723342565933463,0.17424238083582017,-0.2912513360123057,0.405718187330975,
touch,high,-0.0783880490901401,0.0911775598024375,-0.2607431686950151,0.10396707051473489,
touch,low,0.0945719753519471,0.1231598097661701,-0.1517476441803931,0.3408915948842873,
touch,mid,-0.032636883388436476,0.17624934680832355,-0.38513557700508355,0.31986181022821064,
tree,high,0.031794841806186656,0.0948058131542546,-0.15781678450232253,0.22140646811469586,
tree,low,-0.061613574208005846,0.11902222350000885,-0.29965802120802354,0.17643087279201186,
tree,mid,0.022982756897536483,0.17479610379227314,-0.3266094506870098,0.37257496448208277,
turn,high,0.07292258780300297,0.09755016769465856,-0.12217774758631415,0.2680229231923201,
turn,low,-0.14235571619243803,0.12051094558674713,-0.3833776073659323,0.09866617498105623,
turn,mid,0.06332608961632699,0.17383221051184194,-0.28433833140735687,0.4109905106400109,
twelve,high,0.02472640022332524,0.09460756405654573,-0.16448872788976623,0.2139415283364167,
twelve,low,-0.05147401108358891,0.12361159010051082,-0.29869719128461053,0.19574916911743273,
twelve,mid,0.019480988944870513,0.1751346678082979,-0.3307883466717253,0.3697503245614663,
twenty,high,0.05886791873889547,0.09748746157707495,-0.13610700441525445,0.2538428418930454,
twenty,low,-0.10069453090460101,0.12214658953955189,-0.34498770998370476,0.14359864817450277,
twenty,mid,0.03520427746307331,0.17464816747408274,-0.31409205748509217,0.3845006124112388,
two,high,9.389997510508095e-4,0.09273809426214338,-0.18453718877323597,0.18641518827533757,
two,low,-0.0191565101976617,0.11895874936271264,-0.25707400892308696,0.21876098852776357,
two,mid,0.01018299255566323,0.17454410952973537,-0.3389052265038075,0.359271211615134,
ugly,high,-0.02085800544587984,0.09511236299924526,-0.21108273144437037,0.16936672055261068,
ugly,low,0.03876171886377423,0.12652262954764215,-0.21428354023151008,0.2918069779590585,
ugly,mid,-0.030679698473029784,0.17627772951421913,-0.383235157501468,0.3218757605554085,
urinate,high,0.06990467644763096,0.09599518434297243,-0.12208569223831389,0.2618950451335758,
urinate,low,-0.11477350844658817,0.12110092469295593,-0.3569753578325,0.1274283409393237,
urinate,mid,0.03821794465840166,0.17455988189986163,-0.3109018191413216,0.38733770845812493,
vomit,high,0.027689079063101085,0.09616389066533468,-0.16463870226756827,0.22001686039377044,
vomit,low,-0.10300105347971276,0.12304455805679046,-0.3490901695932937,0.14308806263386814,
vomit,mid,0.07018779634590713,0.17480367149897666,-0.27941954665204616,0.4197951393438605,
vulva,high,0.04674114943757638,0.09733194233787783,-0.14792273523817928,0.24140503411333203,
vulva,low,-0.08106107809672604,0.126931057163582,-0.33492319242389,0.17280103623043797,
vulva,mid,0.02727685947156143,0.17530340597903615,-0.32332995248651086,0.37788367142963375,
want,high,-0.05501396225185127,0.09080379000242815,-0.23662154225670756,0.12659361775300504,
want,low,0.10556044365099919,0.12068856643642377,-0.13581668922184836,0.3469375765238467,
want,mid,-0.06955043719774033,0.17613147967423834,-0.421813396546217,0.28271252215073633,
water,high,0.024582930443548447,0.09342950566236663,-0.1622760808811848,0.2114419417682817,
water,low,-0.0027961095435342226,0.115432632128543,-0.23366137380062024,0.22806915471355177,
water,mid,-0.03259149460193535,0.17451984798963463,-0.3816311905812046,0.3164482013773339,
weak,high,-0.0035627672456021485,0.09562392085906544,-0.19481060896373303,0.18768507447252875,
weak,low,-0.03339157236391178,0.12334622163448077,-0.28008401563287333,0.21330087090504976,
weak,mid,0.02980730810519225,0.17535831712420105,-0.3209093261432099,0.3805239423535943,
wet,high,0.03493668475403733,0.0943912374976772,-0.15384579024131706,0.22371915974939172,
wet,low,-0.052424536954399185,0.1205620108795097,-0.29354855871341856,0.1886994848046202,
wet,mid,0.009846178730706949,0.1749694860151829,-0.34009279329965886,0.3597851507610727,
what,high,-0.08952511679741557,0.09061599541644538,-0.27075710763030636,0.0917068740354752,
what,low,0.13852583307273786,0.12088408180132923,-0.1032423305299206,0.3802939966753963,
what,mid,-0.07107345439905226,0.17578762961026337,-0.422648713619579,0.28050180482147447,
when,high,-0.02862784954800718,0.09277683223328073,-0.21418151401456864,0.15692581491855428,
when,low,0.04291253827969767,0.12250341909699548,-0.20209429991429328,0.28791937647368865,
when,mid,-0.02680036668536251,0.17529333149451823,-0.37738702967439897,0.32378629630367395,
where,high,-0.12064647256512549,0.08988029955369428,-0.30040707167251407,0.05911412654226307,
where,low,0.165922573294366,0.11956053034775324,-0.07319848740114049,0.4050436339898725,
where,mid,-0.07027048591715343,0.17506762409841908,-0.4204057341139916,0.2798647622796847,
white,high,-0.040603963768102,0.09369745736460415,-0.2279988784973103,0.1467909509611063,
white,low,-0.0015413779934166944,0.1220944678264644,-0.24573031364634548,0.2426475576595121,
white,mid,0.03407891985964442,0.17595866836963536,-0.31783841687962633,0.3859962565989151,
who,high,-0.06127309110279347,0.08989648895365011,-0.2410660690100937,0.11851988680450676,
who,low,0.11488789713449665,0.11787795203748494,-0.12086800694047323,0.35064380120946653,
who,mid,-0.07341078222097422,0.17476805390460812,-0.4229468900301905,0.276125325588242,
why,high,-0.07393741615968254,0.09060898421979169,-0.2551553845992659,0.10728055227990084,
why,low,0.1157469135975907,0.12180244369498165,-0.1278579737923726,0.35935180098755404,
why,mid,-0.061258454108337274,0.17592003947783114,-0.4130985330639996,0.29058162484732497,
wide,high,-0.07327524007636264,0.09310170201287707,-0.2594786441021168,0.1129281639493915,
wide,low,0.0858083766269504,0.12330942504746321,-0.16081047346797603,0.33242722672187686,
wide,mid,-0.028148801937632743,0.17625312431196,-0.38065505056155274,0.32435744668628724,
wind,high,0.04557452462901934,0.09428812053710278,-0.14300171644518622,0.2341507657032249,
wind,low,-0.054583112940743285,0.11918189442152095,-0.2929469017837852,0.18378067590229863,
wind,mid,9.024131650978242e-4,0.17482512422104748,-0.34874783527699715,0.3505526616071928,
wing,high,-0.07860766604865287,0.09116919298472931,-0.2609460520181115,0.10373071992080575,
wing,low,0.126314489835191,0.12091780775260198,-0.11552112567001296,0.36815010534039494,
wing,mid,-0.06852889926278256,0.1765806656162274,-0.42169023049523735,0.28463243196967225,
woman,high,0.0029122815394388036,0.0927831251027482,-0.1826539686660576,0.18847853174493523,
woman,low,0.004381909360829209,0.11883976389994422,-0.23329761843905922,0.24206143716071765,
woman,mid,-0.017438378766665565,0.17436745606513243,-0.3661732908969304,0.3312965333635993,
word,high,0.02432216931829752,0.09578429518752755,-0.16724642105675758,0.21589075969335264,
word,low,-0.04252772238292412,0.12650851523951792,-0.29554475286195997,0.21048930809611172,
word,mid,0.010073878758133608,0.17733385569975377,-0.34459383264137394,0.3647415901576411,
wrong,high,-0.036724847957260505,0.09469306655219581,-0.22611098106165212,0.15266128514713112,
wrong,low,0.07618518163526788,0.12799878087817476,-0.17981238012108164,0.3321827433916174,
wrong,mid,-0.055943573394202036,0.17730020882427247,-0.41054399104274697,0.2986568442543429,
yawn,high,-0.23627545967792635,0.08866825336591921,-0.4136119664097648,-0.05893895294608792,
yawn,low,0.38496598131206994,0.12517075024495355,0.13462448082216283,0.635307481801977,
yawn,mid,-0.21731821732181458,0.17886306033995555,-0.5750443380017257,0.14040790335809653,
yB_fs,high,-0.04013970441927148,0.09012075291728466,-0.2203812102538408,0.14010180141529785,
yB_fs,low,0.0867058175662766,0.11853255588911701,-0.15035929421195743,0.3237709293445106,
yB_fs,mid,-0.06363001639609789,0.17501153222671453,-0.41365308084952696,0.2863930480573312,
yB_ms,high,-0.05564586067673926,0.09125259800937466,-0.23815105669548858,0.12685933534201005,
yB_ms,low,0.10130486543873284,0.11981963228604386,-0.13833439913335488,0.3409441300108206,
yB_ms,mid,-0.06398011694501217,0.17594984250353973,-0.4158798019520916,0.2879195680620673,
yBD_fs,high,-0.004034487143020754,0.09380504129885232,-0.1916445697407254,0.18357559545468388,
yBD_fs,low,0.0024483940424005683,0.125055863566446,-0.2476633330904914,0.25256012117529253,
yBD_fs,mid,-0.008363962548005458,0.17611454361001389,-0.36059304976803325,0.3438651246720223,
yBD_ms,high,-0.009319964456072534,0.0952471413930104,-0.19981424724209332,0.18117431832994826,
yBD_ms,low,0.018379234452720786,0.12593347752447467,-0.23348772059622858,0.2702461895016701,
yBD_ms,mid,-0.020344461192376338,0.17655736606370448,-0.3734591933197853,0.33277027093503264,
yBS_fs,high,0.0029277361613560234,0.09365639343948055,-0.18438505071760508,0.19024052304031713,
yBS_fs,low,-0.0015156810311403493,0.12286032307335208,-0.24723632717784452,0.2442049651155638,
yBS_fs,mid,-0.011260416415372933,0.17543064047113316,-0.36212169735763927,0.33960086452689336,
yBS_ms,high,-0.006104168019455761,0.09292775500147603,-0.19195967802240782,0.1797513419834963,
yBS_ms,low,0.01227653761294749,0.12408477806599898,-0.23589301851905045,0.26044609374494543,
yBS_ms,mid,-0.016858228605662336,0.1760471891804911,-0.3689526069666445,0.33523614975531985,
year,high,-0.021709840632961382,0.09248664956052112,-0.20668313975400363,0.16326345848808085,
year,low,0.03830550495109175,0.12203424656038069,-0.20576298816966962,0.28237399807185315,
year,mid,-0.029018793084388247,0.1762161615467946,-0.38145111617797745,0.3234135300092009,
yellow,high,0.0011633312190254634,0.09252813403802536,-0.18389293685702526,0.18621959929507617,
yellow,low,0.0019166994563696116,0.12068849165991251,-0.23946028386345541,0.24329368277619462,
yellow,mid,-0.012990755217433593,0.17499116395804745,-0.3629730831335285,0.3369915726986613,
yesterday,high,-0.003498884970647792,0.09308515045851413,-0.18966918588767606,0.18267141594638048,
yesterday,low,0.004586463478479699,0.11920859599238662,-0.23383072850629355,0.24300365546325292,
yesterday,mid,-0.01097512589102917,0.17540980113936402,-0.3617947281697572,0.3398444763876989,
young,high,0.007576964413622067,0.09515731902169773,-0.1827376736297734,0.19789160245701753,
young,low,-0.02171468354081622,0.12311671340960965,-0.2679481103600355,0.2245187432784031,
young,mid,0.005644234167512112,0.1758765144516454,-0.3461087947357787,0.3573972630708029,
yZ_fs,high,-0.01230101489630407,0.09118314243169473,-0.19466729975969352,0.1700652699670854,
yZ_fs,low,0.05461244708128435,0.11892106097884934,-0.18322967487641434,0.29245456903898304,
yZ_fs,mid,-0.05705213086430251,0.17528929653319822,-0.40763072393069893,0.29352646220209394,
yZ_ms,high,-0.004310024988841271,0.09210144898711393,-0.18851292296306915,0.1798928729853866,
yZ_ms,low,0.026452618718618374,0.1176860224617144,-0.20891942620481044,0.2618246636420472,
yZ_ms,mid,-0.034100808654399316,0.17546730333714455,-0.3850354153286884,0.3168337980198898,
yZD_fs,high,-0.011512676092184237,0.09366153564764723,-0.1988357473874787,0.17581039520311023,
yZD_fs,low,0.013393537648571381,0.1244627685904941,-0.23553199953241682,0.2623190748295596,
yZD_fs,mid,-0.012439587565733328,0.17641163477726785,-0.365262857120269,0.34038368198880237,
yZD_ms,high,-0.014319711074271421,0.09381122568647138,-0.2019421624472142,0.17330274029867132,
yZD_ms,low,0.02661725044826976,0.12563307803276733,-0.2246489056172649,0.2778834065138044,
yZD_ms,mid,-0.024095368756961708,0.17677892324389066,-0.37765321524474305,0.3294624777308196,
yZS_fs,high,-0.01575186040501182,0.09384964299411054,-0.2034511463932329,0.17194742558320927,
yZS_fs,low,0.020535738516865718,0.12561930091159593,-0.23070286330632614,0.2717743403400576,
yZS_fs,mid,-0.01589270791647512,0.1768450411814213,-0.36958279027931773,0.3377973744463675,
yZS_ms,high,-0.030404628855577515,0.0922990950643571,-0.21500281898429172,0.1541935612731367,
yZS_ms,low,0.06198949521365603,0.12260319492252715,-0.18321689463139829,0.3071958850587103,
yZS_ms,mid,-0.04621019175899844,0.17503847790446742,-0.39628714756793326,0.3038667640499364,
